Unnamed: 0,Timestamp,Unnamed: 2,TimeUS,GPS_ID,Status,GMS,GWk,Nstats,HDop,Lat,Lng,Alt,Spd,GCrs,VZ,Yaw,U
469371,29:35.2,GPS,326385227,0,6,156593200,2401,10,1.21,-35.3630359,149.166416,633.34,0.113,343.3512,-0.345,0,1
469732,29:35.4,GPS,326585147,0,6,156593400,2401,10,1.21,-35.3630355,149.166416,633.41,0.348,355.3477,-0.341,0,1
470088,29:35.6,GPS,326785067,0,6,156593600,2401,10,1.21,-35.3630348,149.1664159,633.48,0.501,356.6691,-0.326,0,1
470443,29:35.8,GPS,326984987,0,6,156593800,2401,10,1.21,-35.3630338,149.1664158,633.54,0.5930001,355.0562,-0.305,0,1
470800,29:36.0,GPS,327184907,0,6,156594000,2401,10,1.21,-35.3630327,149.1664156,633.6,0.651,352.2353,-0.284,0,1
471158,29:36.2,GPS,327384827,0,6,156594200,2401,10,1.21,-35.3630315,149.1664154,633.65,0.689,349.6851,-0.266,0,1
471519,29:36.4,GPS,327584747,0,6,156594400,2401,10,1.21,-35.3630303,149.1664151,633.7,0.7090001,348.5044,-0.252,0,1
471874,29:36.6,GPS,327784667,0,6,156594600,2401,10,1.21,-35.363029,149.1664148,633.75,0.708,349.2375,-0.243,0,1
472203,29:36.8,GPS,327964595,1,1,0,0,0,-0.01,0.0,0.0,0.0,0.0,0.0,0.0,0,0
472231,29:36.8,GPS,327984587,0,6,156594800,2401,10,1.21,-35.3630278,149.1664146,633.8,0.6850001,351.3783,-0.239,0,1
472588,29:37.0,GPS,328185340,0,6,156595000,2401,10,1.21,-35.3630266,149.1664144,633.85,0.6440001,353.6083,-0.239,0,1
472946,29:37.2,GPS,328385260,0,6,156595200,2401,10,1.21,-35.3630255,149.1664142,633.9,0.596,355.1964,-0.238,0,1
473307,29:37.4,GPS,328585180,0,6,156595400,2401,10,1.21,-35.3630244,149.1664141,633.94,0.549,356.6142,-0.234,0,1
473662,29:37.6,GPS,328785100,0,6,156595600,2401,10,1.21,-35.3630235,149.1664141,633.99,0.516,359.1876,-0.224,0,1
474017,29:37.8,GPS,328985020,0,6,156595800,2401,10,1.21,-35.3630226,149.1664141,634.04,0.5,4.74339,-0.207,0,1
474374,29:38.0,GPS,329184940,0,6,156596000,2401,10,1.21,-35.3630217,149.1664142,634.07,0.504,14.82791,-0.181,0,1
474734,29:38.2,GPS,329384860,0,6,156596200,2401,10,1.21,-35.3630208,149.1664146,634.11,0.534,28.93885,-0.146,0,1
475098,29:38.4,GPS,329584780,0,6,156596400,2401,10,1.21,-35.3630201,149.1664154,634.14,0.5930001,43.58014,-0.106,0,1
475453,29:38.6,GPS,329784700,0,6,156596600,2401,10,1.21,-35.3630193,149.1664165,634.15,0.679,54.97344,-0.06900001,0,1
475808,29:38.8,GPS,329984620,0,6,156596800,2401,10,1.21,-35.3630186,149.1664178,634.16,0.784,61.61761,-0.042,0,1
476165,29:39.0,GPS,330185373,0,6,156597000,2401,10,1.21,-35.3630179,149.1664195,634.17,0.918,63.91318,-0.03,0,1
476523,29:39.2,GPS,330385293,0,6,156597200,2401,10,1.21,-35.3630171,149.1664215,634.17,1.094,63.64099,-0.032,0,1
476885,29:39.4,GPS,330585213,0,6,156597400,2401,10,1.21,-35.3630161,149.1664238,634.18,1.319,62.59659,-0.049,0,1
477240,29:39.6,GPS,330785133,0,6,156597600,2401,10,1.21,-35.363015,149.1664266,634.2,1.59,61.54736,-0.081,0,1
477596,29:39.8,GPS,330985053,0,6,156597800,2401,10,1.21,-35.3630134,149.16643,634.22,1.901,60.76027,-0.123,0,1
477953,29:40.0,GPS,331184973,0,6,156598000,2401,10,1.21,-35.3630115,149.166434,634.24,2.248,60.39733,-0.168,0,1
478312,29:40.2,GPS,331384893,0,6,156598200,2401,10,1.21,-35.3630094,149.1664386,634.28,2.627,60.41094,-0.214,0,1
478673,29:40.4,GPS,331584813,0,6,156598400,2401,10,1.21,-35.3630069,149.166444,634.33,3.035,60.6251,-0.258,0,1
479027,29:40.6,GPS,331784733,0,6,156598600,2401,10,1.21,-35.3630041,149.1664503,634.39,3.457,60.9042,-0.302,0,1
479384,29:40.8,GPS,331984653,0,6,156598800,2401,10,1.21,-35.3630009,149.1664574,634.45,3.878,61.18391,-0.342,0,1
479386,29:40.8,GPS,331984653,1,1,0,0,0,-0.01,0.0,0.0,0.0,0.0,0.0,0.0,0,0
479743,29:41.0,GPS,332185406,0,6,156599000,2401,10,1.21,-35.3629973,149.1664653,634.53,4.294,61.43693,-0.381,0,1
480101,29:41.2,GPS,332385326,0,6,156599200,2401,10,1.21,-35.3629935,149.166474,634.61,4.709,61.64577,-0.418,0,1
480463,29:41.4,GPS,332585246,0,6,156599400,2401,10,1.21,-35.3629893,149.1664836,634.69,5.123,61.80509,-0.456,0,1
480818,29:41.6,GPS,332785166,0,6,156599600,2401,10,1.21,-35.3629848,149.1664939,634.79,5.535,61.91773,-0.493,0,1
481174,29:41.8,GPS,332985086,0,6,156599800,2401,10,1.21,-35.36298,149.1665051,634.89,5.93,61.99199,-0.529,0,1
481531,29:42.0,GPS,333185006,0,6,156600000,2401,10,1.21,-35.3629748,149.166517,635.0,6.294,62.03788,-0.563,0,1
481890,29:42.2,GPS,333384926,0,6,156600200,2401,10,1.21,-35.3629694,149.1665295,635.12,6.626,62.06165,-0.594,0,1
482251,29:42.4,GPS,333584846,0,6,156600400,2401,10,1.21,-35.3629636,149.1665427,635.24,6.929,62.06465,-0.622,0,1
482606,29:42.6,GPS,333784766,0,6,156600600,2401,10,1.21,-35.3629577,149.1665565,635.36,7.207,62.05329,-0.647,0,1
482963,29:42.8,GPS,333984686,0,6,156600800,2401,10,1.21,-35.3629515,149.1665708,635.49,7.460001,62.03729,-0.669,0,1
483320,29:43.0,GPS,334184606,0,6,156601000,2401,10,1.21,-35.3629451,149.1665856,635.63,7.687,62.02134,-0.688,0,1
483682,29:43.2,GPS,334385359,0,6,156601200,2401,10,1.21,-35.3629385,149.1666007,635.77,7.887001,62.00711,-0.705,0,1
484043,29:43.4,GPS,334585279,0,6,156601400,2401,10,1.21,-35.3629318,149.1666162,635.91,8.058001,61.99568,-0.719,0,1
484398,29:43.6,GPS,334785199,0,6,156601600,2401,10,1.21,-35.362925,149.166632,636.06,8.200001,61.9875,-0.729,0,1
484755,29:43.8,GPS,334985119,0,6,156601800,2401,10,1.21,-35.362918,149.1666481,636.2,8.31,61.98249,-0.737,0,1
485112,29:44.0,GPS,335185039,0,6,156602000,2401,10,1.21,-35.3629109,149.1666643,636.35,8.39,61.97949,-0.742,0,1
485470,29:44.2,GPS,335384959,0,6,156602200,2401,10,1.21,-35.3629039,149.1666807,636.5,8.438001,61.97567,-0.744,0,1
485832,29:44.4,GPS,335584879,0,6,156602400,2401,10,1.21,-35.3628967,149.1666971,636.65,8.467,61.9696,-0.743,0,1
486187,29:44.6,GPS,335784799,0,6,156602600,2401,10,1.21,-35.3628895,149.1667137,636.8,8.488001,61.96252,-0.7410001,0,1
486544,29:44.8,GPS,335984719,0,6,156602800,2401,10,1.21,-35.3628823,149.1667302,636.95,8.492001,61.95989,-0.739,0,1
486572,29:44.8,GPS,336004711,1,1,0,0,0,-0.01,0.0,0.0,0.0,0.0,0.0,0.0,0,0
486903,29:45.0,GPS,336184639,0,6,156603000,2401,10,1.21,-35.3628752,149.1667466,637.09,8.462001,61.96433,-0.7360001,0,1
487259,29:45.2,GPS,336385392,0,6,156603200,2401,10,1.21,-35.3628681,149.166763,637.24,8.392,61.96878,-0.729,0,1
487624,29:45.4,GPS,336585312,0,6,156603400,2401,10,1.21,-35.3628611,149.1667792,637.39,8.282001,61.9689,-0.7180001,0,1
487979,29:45.6,GPS,336785232,0,6,156603600,2401,10,1.21,-35.3628541,149.1667952,637.53,8.132,61.96594,-0.703,0,1
488336,29:45.8,GPS,336985152,0,6,156603800,2401,10,1.21,-35.3628473,149.1668109,637.67,7.945,61.96084,-0.684,0,1
488694,29:46.0,GPS,337185072,0,6,156604000,2401,10,1.21,-35.3628407,149.166826,637.8,7.719,61.95489,-0.6620001,0,1
489050,29:46.2,GPS,337384992,0,6,156604200,2401,10,1.21,-35.3628343,149.1668408,637.93,7.454,61.94709,-0.636,0,1
489414,29:46.4,GPS,337584912,0,6,156604400,2401,10,1.21,-35.3628281,149.166855,638.06,7.148,61.93474,-0.606,0,1
489769,29:46.6,GPS,337784832,0,6,156604600,2401,10,1.21,-35.3628223,149.1668685,638.17,6.801,61.91558,-0.573,0,1
490126,29:46.8,GPS,337984752,0,6,156604800,2401,10,1.21,-35.3628166,149.1668814,638.28,6.412,61.88697,-0.537,0,1
490483,29:47.0,GPS,338184672,0,6,156605000,2401,10,1.21,-35.3628114,149.1668935,638.39,5.978,61.87219,-0.496,0,1
490839,29:47.2,GPS,338384592,0,6,156605200,2401,10,1.21,-35.3628065,149.1669047,638.48,5.495,61.96877,-0.449,0,1
491206,29:47.4,GPS,338585345,0,6,156605400,2401,10,1.21,-35.3628021,149.1669148,638.57,4.962,62.32151,-0.397,0,1
491561,29:47.6,GPS,338785265,0,6,156605600,2401,10,1.21,-35.3627983,149.166924,638.64,4.39,63.07495,-0.337,0,1
491917,29:47.8,GPS,338985185,0,6,156605800,2401,10,1.21,-35.362795,149.1669321,638.7,3.785,64.42456,-0.271,0,1
492274,29:48.0,GPS,339185105,0,6,156606000,2401,10,1.21,-35.3627924,149.166939,638.75,3.149,66.73654,-0.198,0,1
492630,29:48.2,GPS,339385025,0,6,156606200,2401,10,1.21,-35.3627905,149.1669448,638.78,2.496,70.79814,-0.118,0,1
492996,29:48.4,GPS,339584945,0,6,156606400,2401,10,1.21,-35.3627895,149.1669494,638.8,1.86,78.45381,-0.034,0,1
493350,29:48.6,GPS,339784865,0,6,156606600,2401,10,1.21,-35.3627893,149.1669528,638.79,1.329,94.09402,0.052,0,1
493709,29:48.8,GPS,339984785,0,6,156606800,2401,10,1.21,-35.3627898,149.1669552,638.77,0.9820001,122.7552,0.14,0,1
493763,29:48.8,GPS,340024769,1,1,0,0,0,-0.01,0.0,0.0,0.0,0.0,0.0,0.0,0,0
494068,29:49.0,GPS,340184705,0,6,156607000,2401,10,1.21,-35.3627911,149.1669564,638.74,0.943,162.6721,0.234,0,1
494423,29:49.2,GPS,340384625,0,6,156607200,2401,10,1.21,-35.3627929,149.1669565,638.68,1.278,189.659,0.333,0,1
494787,29:49.4,GPS,340585378,0,6,156607400,2401,10,1.21,-35.3627956,149.1669556,638.6,1.748,200.4403,0.427,0,1
495141,29:49.6,GPS,340785298,0,6,156607600,2401,10,1.21,-35.3627989,149.166954,638.51,2.213,205.3216,0.5100001,0,1
495496,29:49.8,GPS,340985218,0,6,156607800,2401,10,1.21,-35.3628028,149.1669516,638.4,2.629,208.1156,0.575,0,1
495854,29:50.0,GPS,341185138,0,6,156608000,2401,10,1.21,-35.3628072,149.1669485,638.28,2.97,209.8132,0.626,0,1
496210,29:50.2,GPS,341385058,0,6,156608200,2401,10,1.21,-35.362812,149.1669451,638.15,3.226,210.4856,0.668,0,1
496575,29:50.4,GPS,341584978,0,6,156608400,2401,10,1.21,-35.3628171,149.1669414,638.02,3.41,210.0312,0.7090001,0,1
496929,29:50.6,GPS,341784898,0,6,156608600,2401,10,1.21,-35.3628226,149.1669377,637.87,3.568,208.8996,0.752,0,1
497285,29:50.8,GPS,341984818,0,6,156608800,2401,10,1.21,-35.3628284,149.1669338,637.72,3.726,207.8723,0.791,0,1
497643,29:51.0,GPS,342184738,0,6,156609000,2401,10,1.21,-35.3628344,149.1669299,637.55,3.873,207.2487,0.821,0,1
497998,29:51.2,GPS,342384658,0,6,156609200,2401,10,1.21,-35.3628407,149.166926,637.38,4.0,206.9584,0.8420001,0,1
498363,29:51.4,GPS,342584578,0,6,156609400,2401,10,1.21,-35.3628472,149.1669219,637.21,4.106,206.8956,0.8570001,0,1
498718,29:51.6,GPS,342785331,0,6,156609600,2401,10,1.21,-35.3628538,149.1669178,637.04,4.196,206.9448,0.868,0,1
499073,29:51.8,GPS,342985251,0,6,156609800,2401,10,1.21,-35.3628606,149.1669135,636.87,4.274,206.9995,0.8750001,0,1
499431,29:52.0,GPS,343185171,0,6,156610000,2401,10,1.21,-35.3628675,149.1669092,636.69,4.343,207.0086,0.8790001,0,1
499787,29:52.2,GPS,343385091,0,6,156610200,2401,10,1.21,-35.3628745,149.1669049,636.52,4.404,206.9596,0.8800001,0,1
500151,29:52.4,GPS,343585011,0,6,156610400,2401,10,1.21,-35.3628816,149.1669005,636.34,4.457,206.8614,0.877,0,1
500505,29:52.6,GPS,343784931,0,6,156610600,2401,10,1.21,-35.3628888,149.166896,636.17,4.503,206.7273,0.872,0,1
500861,29:52.8,GPS,343984851,0,6,156610800,2401,10,1.21,-35.3628961,149.1668915,635.99,4.545,206.5703,0.8650001,0,1
500939,29:52.9,GPS,344044827,1,1,0,0,0,-0.01,0.0,0.0,0.0,0.0,0.0,0.0,0,0
501221,29:53.0,GPS,344184771,0,6,156611000,2401,10,1.21,-35.3629035,149.166887,635.82,4.582,206.4069,0.8560001,0,1
501576,29:53.2,GPS,344384691,0,6,156611200,2401,10,1.21,-35.3629108,149.1668825,635.65,4.616,206.2485,0.846,0,1
501942,29:53.4,GPS,344584611,0,6,156611400,2401,10,1.21,-35.3629183,149.166878,635.48,4.647,206.1,0.836,0,1
502297,29:53.6,GPS,344785364,0,6,156611600,2401,10,1.21,-35.3629258,149.1668735,635.31,4.675,205.9723,0.8240001,0,1
502651,29:53.8,GPS,344985284,0,6,156611800,2401,10,1.21,-35.3629334,149.166869,635.15,4.701,205.8724,0.812,0,1
503010,29:54.0,GPS,345185204,0,6,156612000,2401,10,1.21,-35.362941,149.1668645,634.99,4.725,205.7933,0.8,0,1
503411,29:54.2,GPS,345385124,0,6,156612200,2401,10,1.21,-35.3629487,149.1668599,634.82,4.746,205.7304,0.79,0,1
503774,29:54.4,GPS,345585044,0,6,156612400,2401,10,1.21,-35.3629564,149.1668554,634.67,4.766,205.6822,0.78,0,1
504129,29:54.6,GPS,345784964,0,6,156612600,2401,10,1.21,-35.3629641,149.1668508,634.52,4.785,205.6484,0.77,0,1
504484,29:54.8,GPS,345984884,0,6,156612800,2401,10,1.21,-35.3629719,149.1668462,634.36,4.804,205.6352,0.7600001,0,1
504843,29:55.0,GPS,346184804,0,6,156613000,2401,10,1.21,-35.3629797,149.1668417,634.21,4.821,205.6402,0.7500001,0,1
505198,29:55.2,GPS,346384724,0,6,156613200,2401,10,1.21,-35.3629875,149.1668371,634.06,4.838,205.6511,0.742,0,1
505562,29:55.4,GPS,346584644,0,6,156613400,2401,10,1.21,-35.3629954,149.1668325,633.92,4.853,205.6611,0.733,0,1
505917,29:55.6,GPS,346785397,0,6,156613600,2401,10,1.21,-35.3630032,149.1668278,633.77,4.867,205.6688,0.726,0,1
506271,29:55.8,GPS,346985317,0,6,156613800,2401,10,1.21,-35.3630111,149.1668232,633.63,4.88,205.6751,0.719,0,1
506630,29:56.0,GPS,347185237,0,6,156614000,2401,10,1.21,-35.363019,149.1668185,633.48,4.892,205.68,0.714,0,1
506986,29:56.2,GPS,347385157,0,6,156614200,2401,10,1.21,-35.363027,149.1668138,633.33,4.903,205.6837,0.711,0,1
507349,29:56.4,GPS,347585077,0,6,156614400,2401,10,1.21,-35.3630349,149.1668092,633.2,4.912,205.6856,0.71,0,1
507704,29:56.6,GPS,347784997,0,6,156614600,2401,10,1.21,-35.3630428,149.1668045,633.06,4.921,205.686,0.71,0,1
508059,29:56.8,GPS,347984917,0,6,156614800,2401,10,1.21,-35.3630509,149.1667998,632.92,4.929,205.6879,0.711,0,1
508215,29:56.9,GPS,348064885,1,1,0,0,0,-0.01,0.0,0.0,0.0,0.0,0.0,0.0,0,0
508420,29:57.0,GPS,348184837,0,6,156615000,2401,10,1.21,-35.3630589,149.166795,632.77,4.936,205.6913,0.714,0,1
508775,29:57.2,GPS,348384757,0,6,156615200,2401,10,1.21,-35.3630668,149.1667903,632.63,4.943,205.6927,0.7180001,0,1
509139,29:57.4,GPS,348584677,0,6,156615400,2401,10,1.21,-35.3630749,149.1667856,632.48,4.949,205.6938,0.7220001,0,1
509494,29:57.6,GPS,348784597,0,6,156615600,2401,10,1.21,-35.3630828,149.1667809,632.33,4.955,205.6995,0.728,0,1
509848,29:57.8,GPS,348985350,0,6,156615800,2401,10,1.21,-35.3630909,149.1667761,632.19,4.961,205.7093,0.734,0,1
510206,29:58.0,GPS,349185270,0,6,156616000,2401,10,1.21,-35.3630989,149.1667714,632.04,4.966,205.7204,0.7410001,0,1
510563,29:58.2,GPS,349385190,0,6,156616200,2401,10,1.21,-35.363107,149.1667666,631.89,4.971,205.7313,0.747,0,1
510928,29:58.4,GPS,349585110,0,6,156616400,2401,10,1.21,-35.363115,149.1667618,631.74,4.977,205.7395,0.753,0,1
511283,29:58.6,GPS,349785030,0,6,156616600,2401,10,1.21,-35.363123,149.1667571,631.59,4.982,205.7444,0.7600001,0,1
511638,29:58.8,GPS,349984950,0,6,156616800,2401,10,1.21,-35.3631311,149.1667524,631.44,4.986,205.7454,0.767,0,1
511996,29:59.0,GPS,350184870,0,6,156617000,2401,10,1.21,-35.3631392,149.1667475,631.29,4.99,205.743,0.774,0,1
512352,29:59.2,GPS,350384790,0,6,156617200,2401,10,1.21,-35.3631473,149.1667427,631.13,4.995,205.7382,0.781,0,1
512716,29:59.4,GPS,350584710,0,6,156617400,2401,10,1.21,-35.3631554,149.1667379,630.98,5.0,205.7307,0.7870001,0,1
513071,29:59.6,GPS,350784630,0,6,156617600,2401,10,1.21,-35.3631635,149.1667332,630.82,5.005,205.7201,0.7920001,0,1
513425,29:59.8,GPS,350985383,0,6,156617800,2401,10,1.21,-35.3631716,149.1667285,630.66,5.01,205.7115,0.7970001,0,1
513783,30:00.0,GPS,351185303,0,6,156618000,2401,10,1.21,-35.3631797,149.1667237,630.5,5.015,205.7103,0.803,0,1
514140,30:00.2,GPS,351385223,0,6,156618200,2401,10,1.21,-35.3631878,149.1667189,630.33,5.021,205.7173,0.807,0,1
514503,30:00.4,GPS,351585143,0,6,156618400,2401,10,1.21,-35.363196,149.166714,630.18,5.027,205.7301,0.812,0,1
514858,30:00.6,GPS,351785063,0,6,156618600,2401,10,1.21,-35.3632041,149.1667092,630.01,5.033,205.744,0.816,0,1
515213,30:00.8,GPS,351984983,0,6,156618800,2401,10,1.21,-35.3632123,149.1667044,629.85,5.04,205.7561,0.8190001,0,1
515394,30:00.9,GPS,352084943,1,1,0,0,0,-0.01,0.0,0.0,0.0,0.0,0.0,0.0,0,0
515573,30:01.0,GPS,352184903,0,6,156619000,2401,10,1.21,-35.3632204,149.1666995,629.69,5.047,205.7652,0.822,0,1
515929,30:01.2,GPS,352384823,0,6,156619200,2401,10,1.21,-35.3632286,149.1666947,629.52,5.054,205.7704,0.8240001,0,1
516294,30:01.4,GPS,352584743,0,6,156619400,2401,10,1.21,-35.3632367,149.1666899,629.36,5.061,205.7711,0.826,0,1
516649,30:01.6,GPS,352784663,0,6,156619600,2401,10,1.21,-35.363245,149.1666851,629.19,5.068,205.768,0.827,0,1
517003,30:01.8,GPS,352984583,0,6,156619800,2401,10,1.21,-35.3632532,149.1666802,629.02,5.075,205.7628,0.8290001,0,1
517361,30:02.0,GPS,353185336,0,6,156620000,2401,10,1.21,-35.3632614,149.1666753,628.86,5.083,205.7564,0.83,0,1
517718,30:02.2,GPS,353385256,0,6,156620200,2401,10,1.21,-35.3632696,149.1666704,628.69,5.091,205.7515,0.83,0,1
518081,30:02.4,GPS,353585176,0,6,156620400,2401,10,1.21,-35.3632779,149.1666656,628.53,5.1,205.7472,0.83,0,1
518435,30:02.6,GPS,353785096,0,6,156620600,2401,10,1.21,-35.3632861,149.1666607,628.36,5.108,205.7409,0.83,0,1
518791,30:02.8,GPS,353985016,0,6,156620800,2401,10,1.21,-35.3632944,149.1666558,628.19,5.117,205.7324,0.8290001,0,1
519149,30:03.0,GPS,354184936,0,6,156621000,2401,10,1.21,-35.3633027,149.1666509,628.03,5.127,205.7235,0.827,0,1
519505,30:03.2,GPS,354384856,0,6,156621200,2401,10,1.21,-35.363311,149.166646,627.86,5.138,205.7172,0.823,0,1
519868,30:03.4,GPS,354584776,0,6,156621400,2401,10,1.21,-35.3633193,149.1666411,627.7,5.149,205.7137,0.817,0,1
520225,30:03.6,GPS,354784696,0,6,156621600,2401,10,1.21,-35.3633277,149.1666361,627.54,5.161,205.7119,0.809,0,1
520580,30:03.8,GPS,354984616,0,6,156621800,2401,10,1.21,-35.3633361,149.1666312,627.38,5.173,205.7119,0.8,0,1
520938,30:04.0,GPS,355185369,0,6,156622000,2401,10,1.21,-35.3633444,149.1666263,627.22,5.186,205.7113,0.789,0,1
521295,30:04.2,GPS,355385289,0,6,156622200,2401,10,1.21,-35.3633528,149.1666213,627.06,5.2,205.7077,0.7780001,0,1
521657,30:04.4,GPS,355585209,0,6,156622400,2401,10,1.21,-35.3633613,149.1666164,626.9,5.214,205.7018,0.765,0,1
522012,30:04.6,GPS,355785129,0,6,156622600,2401,10,1.21,-35.3633697,149.1666114,626.75,5.228,205.6945,0.752,0,1
522368,30:04.8,GPS,355985049,0,6,156622800,2401,10,1.21,-35.3633782,149.1666063,626.6,5.242,205.6877,0.739,0,1
522547,30:04.9,GPS,356085009,1,1,0,0,0,-0.01,0.0,0.0,0.0,0.0,0.0,0.0,0,0
522728,30:05.0,GPS,356184969,0,6,156623000,2401,10,1.21,-35.3633867,149.1666014,626.46,5.255,205.6805,0.726,0,1
523084,30:05.2,GPS,356384889,0,6,156623200,2401,10,1.21,-35.3633952,149.1665963,626.32,5.27,205.6686,0.712,0,1
523447,30:05.4,GPS,356584809,0,6,156623400,2401,10,1.21,-35.3634038,149.1665913,626.18,5.284,205.6512,0.697,0,1
523802,30:05.6,GPS,356784729,0,6,156623600,2401,10,1.21,-35.3634124,149.1665862,626.04,5.298,205.6302,0.682,0,1
524157,30:05.8,GPS,356984649,0,6,156623800,2401,10,1.21,-35.363421,149.1665812,625.9,5.313,205.6088,0.666,0,1
524515,30:06.0,GPS,357185402,0,6,156624000,2401,10,1.21,-35.3634295,149.1665761,625.77,5.319,205.5797,0.649,0,1
524872,30:06.2,GPS,357385322,0,6,156624200,2401,10,1.21,-35.3634382,149.1665711,625.64,5.297,205.5557,0.631,0,1
525234,30:06.4,GPS,357585242,0,6,156624400,2401,10,1.21,-35.3634467,149.1665661,625.52,5.235,205.6091,0.614,0,1
525589,30:06.6,GPS,357785162,0,6,156624600,2401,10,1.21,-35.3634551,149.1665611,625.4,5.137,205.8176,0.601,0,1
525945,30:06.8,GPS,357985082,0,6,156624800,2401,10,1.21,-35.3634633,149.1665562,625.28,5.009,206.2217,0.59,0,1
526303,30:07.0,GPS,358185002,0,6,156625000,2401,10,1.21,-35.3634712,149.1665514,625.16,4.856,206.8453,0.581,0,1
526658,30:07.2,GPS,358384922,0,6,156625200,2401,10,1.21,-35.3634788,149.1665466,625.04,4.682,207.7188,0.574,0,1
527023,30:07.4,GPS,358584842,0,6,156625400,2401,10,1.21,-35.3634861,149.1665418,624.93,4.5,208.8846,0.568,0,1
527378,30:07.6,GPS,358784762,0,6,156625600,2401,10,1.21,-35.363493,149.1665369,624.81,4.322,210.3972,0.564,0,1
527733,30:07.8,GPS,358984682,0,6,156625800,2401,10,1.21,-35.3634995,149.166532,624.7,4.156,212.3071,0.562,0,1
528091,30:08.0,GPS,359184602,0,6,156626000,2401,10,1.21,-35.3635056,149.1665271,624.59,4.005,214.6643,0.56,0,1
528447,30:08.2,GPS,359385355,0,6,156626200,2401,10,1.21,-35.3635113,149.166522,624.48,3.868,217.5377,0.559,0,1
528810,30:08.4,GPS,359585275,0,6,156626400,2401,10,1.21,-35.3635166,149.1665167,624.36,3.749,220.9929,0.559,0,1
529167,30:08.6,GPS,359785195,0,6,156626600,2401,10,1.21,-35.3635215,149.1665112,624.25,3.654,225.0839,0.561,0,1
529523,30:08.8,GPS,359985115,0,6,156626800,2401,10,1.21,-35.3635259,149.1665053,624.14,3.591,229.8294,0.566,0,1
529731,30:08.9,GPS,360105067,1,1,0,0,0,-0.01,0.0,0.0,0.0,0.0,0.0,0.0,0,0
529886,30:09.0,GPS,360185035,0,6,156627000,2401,10,1.21,-35.3635298,149.1664991,624.03,3.577,235.1211,0.575,0,1
530241,30:09.2,GPS,360384955,0,6,156627200,2401,10,1.21,-35.3635333,149.1664923,623.91,3.628,240.6829,0.59,0,1
530605,30:09.4,GPS,360584875,0,6,156627400,2401,10,1.21,-35.3635362,149.1664851,623.79,3.752,246.1897,0.611,0,1
530960,30:09.6,GPS,360784795,0,6,156627600,2401,10,1.21,-35.3635387,149.1664771,623.66,3.939,251.3487,0.636,0,1
531315,30:09.8,GPS,360984715,0,6,156627800,2401,10,1.21,-35.3635407,149.1664686,623.53,4.171,255.9199,0.664,0,1
531673,30:10.0,GPS,361184635,0,6,156628000,2401,10,1.21,-35.3635424,149.1664594,623.4,4.433,259.8147,0.697,0,1
532029,30:10.2,GPS,361385388,0,6,156628200,2401,10,1.21,-35.3635436,149.1664493,623.25,4.718,263.0554,0.734,0,1
532392,30:10.4,GPS,361585308,0,6,156628400,2401,10,1.21,-35.3635444,149.1664387,623.1,5.026,265.6809,0.774,0,1
532747,30:10.6,GPS,361785228,0,6,156628600,2401,10,1.21,-35.363545,149.1664273,622.95,5.354,267.741,0.8190001,0,1
533103,30:10.8,GPS,361985148,0,6,156628800,2401,10,1.21,-35.3635452,149.1664151,622.78,5.705,269.2951,0.869,0,1
533461,30:11.0,GPS,362185068,0,6,156629000,2401,10,1.21,-35.3635453,149.1664022,622.6,6.077,270.403,0.923,0,1
533818,30:11.2,GPS,362384988,0,6,156629200,2401,10,1.21,-35.3635452,149.1663884,622.41,6.462,271.1169,0.9810001,0,1
534183,30:11.4,GPS,362584908,0,6,156629400,2401,10,1.21,-35.3635448,149.1663737,622.2,6.839,271.4914,1.037,0,1
534538,30:11.6,GPS,362784828,0,6,156629600,2401,10,1.21,-35.3635445,149.1663582,621.99,7.178,271.5912,1.093,0,1
534893,30:11.8,GPS,362984748,0,6,156629800,2401,10,1.21,-35.3635441,149.1663421,621.76,7.47,271.5288,1.147,0,1
535252,30:12.0,GPS,363184668,0,6,156630000,2401,10,1.21,-35.3635438,149.1663253,621.53,7.721,271.4412,1.196,0,1
535608,30:12.2,GPS,363384588,0,6,156630200,2401,10,1.21,-35.3635435,149.166308,621.29,7.941,271.403,1.239,0,1
535973,30:12.4,GPS,363585341,0,6,156630400,2401,10,1.21,-35.3635431,149.1662903,621.04,8.134001,271.4233,1.276,0,1
536328,30:12.6,GPS,363785261,0,6,156630600,2401,10,1.21,-35.3635428,149.1662723,620.78,8.305,271.4892,1.305,0,1
536683,30:12.8,GPS,363985181,0,6,156630800,2401,10,1.21,-35.3635423,149.1662538,620.52,8.456,271.5887,1.328,0,1
536916,30:12.9,GPS,364125125,1,1,0,0,0,-0.01,0.0,0.0,0.0,0.0,0.0,0.0,0,0
537044,30:13.0,GPS,364185101,0,6,156631000,2401,10,1.21,-35.3635419,149.166235,620.25,8.589001,271.7108,1.345,0,1
537400,30:13.2,GPS,364385021,0,6,156631200,2401,10,1.21,-35.3635414,149.166216,619.98,8.706,271.8352,1.355,0,1
537764,30:13.4,GPS,364584941,0,6,156631400,2401,10,1.21,-35.3635409,149.1661968,619.7,8.808001,271.9398,1.36,0,1
538121,30:13.6,GPS,364784861,0,6,156631600,2401,10,1.21,-35.3635403,149.1661773,619.43,8.896001,272.0092,1.359,0,1
538476,30:13.8,GPS,364984781,0,6,156631800,2401,10,1.21,-35.3635398,149.1661575,619.16,8.972,272.0328,1.354,0,1
538834,30:14.0,GPS,365184701,0,6,156632000,2401,10,1.21,-35.3635392,149.1661376,618.89,9.036,272.0073,1.346,0,1
539191,30:14.2,GPS,365384621,0,6,156632200,2401,10,1.21,-35.3635386,149.1661178,618.62,9.088,271.9311,1.337,0,1
539555,30:14.4,GPS,365585374,0,6,156632400,2401,10,1.21,-35.3635381,149.1660977,618.36,9.132,271.805,1.327,0,1
539910,30:14.6,GPS,365785294,0,6,156632600,2401,10,1.21,-35.3635376,149.1660775,618.09,9.168,271.6363,1.313,0,1
540265,30:14.8,GPS,365985214,0,6,156632800,2401,10,1.21,-35.3635371,149.1660573,617.83,9.200001,271.4415,1.295,0,1
540623,30:15.0,GPS,366185134,0,6,156633000,2401,10,1.21,-35.3635368,149.166037,617.58,9.225,271.2508,1.277,0,1
540980,30:15.2,GPS,366385054,0,6,156633200,2401,10,1.21,-35.3635364,149.1660167,617.32,9.232,271.0777,1.26,0,1
541344,30:15.4,GPS,366584974,0,6,156633400,2401,10,1.21,-35.3635361,149.1659964,617.07,9.206,270.9255,1.245,0,1
541699,30:15.6,GPS,366784894,0,6,156633600,2401,10,1.21,-35.3635359,149.1659762,616.82,9.149,270.818,1.234,0,1
542054,30:15.8,GPS,366984814,0,6,156633800,2401,10,1.21,-35.3635357,149.1659561,616.58,9.069,270.7842,1.228,0,1
542412,30:16.0,GPS,367184734,0,6,156634000,2401,10,1.21,-35.3635355,149.1659361,616.33,8.973001,270.8491,1.225,0,1
542769,30:16.2,GPS,367384654,0,6,156634200,2401,10,1.21,-35.3635352,149.1659165,616.08,8.867001,271.033,1.224,0,1
543132,30:16.4,GPS,367585407,0,6,156634400,2401,10,1.21,-35.3635349,149.1658971,615.84,8.756001,271.3491,1.226,0,1
543488,30:16.6,GPS,367785327,0,6,156634600,2401,10,1.21,-35.3635344,149.165878,615.6,8.641001,271.8036,1.228,0,1
543843,30:16.8,GPS,367985247,0,6,156634800,2401,10,1.21,-35.3635338,149.165859,615.35,8.524,272.3989,1.232,0,1
544102,30:17.0,GPS,368145183,1,1,0,0,0,-0.01,0.0,0.0,0.0,0.0,0.0,0.0,0,0
544203,30:17.0,GPS,368185167,0,6,156635000,2401,10,1.21,-35.3635332,149.1658404,615.1,8.415,273.1359,1.238,0,1
544561,30:17.2,GPS,368385087,0,6,156635200,2401,10,1.21,-35.3635322,149.165822,614.85,8.329,274.0083,1.247,0,1
545000,30:17.4,GPS,368585007,0,6,156635400,2401,10,1.21,-35.363531,149.1658038,614.6,8.282001,274.9936,1.256,0,1
545403,30:17.6,GPS,368784927,0,6,156635600,2401,10,1.21,-35.3635296,149.1657857,614.35,8.252001,275.9874,1.253,0,1
545758,30:17.8,GPS,368984847,0,6,156635800,2401,10,1.21,-35.363528,149.1657677,614.11,8.156,276.7251,1.183,0,1
546119,30:18.0,GPS,369184767,0,6,156636000,2401,10,1.21,-35.3635262,149.1657501,613.88,7.915,277.075,1.023,0,1
546476,30:18.2,GPS,369384687,0,6,156636200,2401,10,1.21,-35.3635245,149.1657331,613.7,7.524,277.1481,0.8240001,0,1
546842,30:18.4,GPS,369584607,0,6,156636400,2401,10,1.21,-35.3635229,149.1657172,613.55,7.004,277.0381,0.624,0,1
547200,30:18.6,GPS,369785360,0,6,156636600,2401,10,1.21,-35.3635214,149.1657026,613.44,6.374,276.7667,0.442,0,1
547556,30:18.8,GPS,369985280,0,6,156636800,2401,10,1.21,-35.3635202,149.1656894,613.38,5.647,276.3068,0.288,0,1
547914,30:19.0,GPS,370185200,0,6,156637000,2401,10,1.21,-35.3635192,149.1656779,613.33,4.835,275.5435,0.165,0,1
548270,30:19.2,GPS,370385120,0,6,156637200,2401,10,1.21,-35.3635185,149.1656683,613.31,3.938,274.2784,0.074,0,1
548679,30:19.4,GPS,370585040,0,6,156637400,2401,10,1.21,-35.3635182,149.1656607,613.3,2.959,272.2048,0.008,0,1
549035,30:19.6,GPS,370784960,0,6,156637600,2401,10,1.21,-35.3635181,149.1656554,613.3,1.939,268.3736,-0.04,0,1
549389,30:19.8,GPS,370984880,0,6,156637800,2401,10,1.21,-35.3635184,149.1656522,613.31,0.9710001,258.1588,-0.074,0,1
549747,30:20.0,GPS,371184800,0,6,156638000,2401,10,1.21,-35.3635187,149.1656511,613.33,0.319,192.4765,-0.094,0,1
550103,30:20.2,GPS,371384720,0,6,156638200,2401,10,1.21,-35.3635193,149.1656517,613.35,0.7690001,120.3088,-0.102,0,1
550465,30:20.4,GPS,371584640,0,6,156638400,2401,10,1.21,-35.3635201,149.1656538,613.37,1.31,109.2103,-0.102,0,1
550821,30:20.6,GPS,371785393,0,6,156638600,2401,10,1.21,-35.3635209,149.165657,613.4,1.718,105.0338,-0.1,0,1
551176,30:20.8,GPS,371985313,0,6,156638800,2401,10,1.21,-35.3635216,149.165661,613.42,1.995,102.8294,-0.1,0,1
551508,30:21.0,GPS,372165241,1,1,0,0,0,-0.01,0.0,0.0,0.0,0.0,0.0,0.0,0,0
551536,30:21.0,GPS,372185233,0,6,156639000,2401,10,1.21,-35.3635225,149.1656655,613.44,2.162,101.7177,-0.103,0,1
551893,30:21.2,GPS,372385153,0,6,156639200,2401,10,1.21,-35.3635233,149.1656703,613.45,2.251,101.4518,-0.11,0,1
552256,30:21.4,GPS,372585073,0,6,156639400,2401,10,1.21,-35.3635241,149.1656752,613.48,2.301,101.7113,-0.119,0,1
552612,30:21.6,GPS,372784993,0,6,156639600,2401,10,1.21,-35.3635249,149.1656802,613.5,2.338,102.04,-0.13,0,1
552967,30:21.8,GPS,372984913,0,6,156639800,2401,10,1.21,-35.3635258,149.1656853,613.53,2.369,102.0709,-0.142,0,1
553324,30:22.0,GPS,373184833,0,6,156640000,2401,10,1.21,-35.3635267,149.1656904,613.56,2.387,101.8046,-0.155,0,1
553681,30:22.2,GPS,373384753,0,6,156640200,2401,10,1.21,-35.3635276,149.1656956,613.59,2.386,101.511,-0.166,0,1
554043,30:22.4,GPS,373584673,0,6,156640400,2401,10,1.21,-35.3635284,149.1657007,613.63,2.369,101.3759,-0.174,0,1
554399,30:22.6,GPS,373784593,0,6,156640600,2401,10,1.21,-35.3635292,149.1657058,613.66,2.351,101.405,-0.18,0,1
554754,30:22.8,GPS,373985346,0,6,156640800,2401,10,1.21,-35.3635301,149.1657109,613.69,2.343,101.4213,-0.185,0,1
555111,30:23.0,GPS,374185266,0,6,156641000,2401,10,1.21,-35.3635309,149.1657159,613.74,2.338,101.0468,-0.19,0,1
555468,30:23.2,GPS,374385186,0,6,156641200,2401,10,1.21,-35.3635317,149.165721,613.78,2.322,99.9381,-0.194,0,1
555830,30:23.4,GPS,374585106,0,6,156641400,2401,10,1.21,-35.3635323,149.165726,613.82,2.29,97.96072,-0.196,0,1
556185,30:23.6,GPS,374785026,0,6,156641600,2401,10,1.21,-35.3635328,149.165731,613.85,2.242,95.05829,-0.197,0,1
556543,30:23.8,GPS,374984946,0,6,156641800,2401,10,1.21,-35.363533,149.1657358,613.89,2.183,91.146,-0.198,0,1
556901,30:24.0,GPS,375184866,0,6,156642000,2401,10,1.21,-35.363533,149.1657406,613.93,2.115,86.07849,-0.198,0,1
557258,30:24.2,GPS,375384786,0,6,156642200,2401,10,1.21,-35.3635326,149.1657451,613.97,2.047,79.64865,-0.197,0,1
557620,30:24.4,GPS,375584706,0,6,156642400,2401,10,1.21,-35.3635317,149.1657494,614.01,1.992,71.69123,-0.197,0,1
557974,30:24.6,GPS,375784626,0,6,156642600,2401,10,1.21,-35.3635303,149.1657534,614.05,1.966,62.21532,-0.197,0,1
558334,30:24.8,GPS,375985379,0,6,156642800,2401,10,1.21,-35.3635284,149.1657571,614.08,1.998,51.76022,-0.199,0,1
558691,30:25.0,GPS,376185299,0,6,156643000,2401,10,1.21,-35.3635259,149.1657603,614.13,2.12,41.61451,-0.204,0,1
558693,30:25.0,GPS,376185299,1,1,0,0,0,-0.01,0.0,0.0,0.0,0.0,0.0,0.0,0,0
559050,30:25.2,GPS,376385219,0,6,156643200,2401,10,1.21,-35.3635227,149.1657632,614.17,2.345,33.152,-0.215,0,1
559412,30:25.4,GPS,376585139,0,6,156643400,2401,10,1.21,-35.3635187,149.165766,614.22,2.668,26.91944,-0.231,0,1
559766,30:25.6,GPS,376785059,0,6,156643600,2401,10,1.21,-35.3635141,149.1657687,614.26,3.064,22.62956,-0.253,0,1
560123,30:25.8,GPS,376984979,0,6,156643800,2401,10,1.21,-35.3635086,149.1657713,614.31,3.504,19.76805,-0.278,0,1
560480,30:26.0,GPS,377184899,0,6,156644000,2401,10,1.21,-35.3635022,149.1657739,614.38,3.959,17.89374,-0.306,0,1
560837,30:26.2,GPS,377384819,0,6,156644200,2401,10,1.21,-35.363495,149.1657766,614.44,4.419,16.7003,-0.336,0,1
561200,30:26.4,GPS,377584739,0,6,156644400,2401,10,1.21,-35.363487,149.1657795,614.51,4.88,16.00865,-0.366,0,1
561555,30:26.6,GPS,377784659,0,6,156644600,2401,10,1.21,-35.3634782,149.1657826,614.58,5.34,15.70228,-0.399,0,1
561911,30:26.8,GPS,377984579,0,6,156644800,2401,10,1.21,-35.3634686,149.1657859,614.67,5.798,15.63375,-0.434,0,1
562269,30:27.0,GPS,378185332,0,6,156645000,2401,10,1.21,-35.3634581,149.1657895,614.76,6.253,15.61255,-0.47,0,1
562626,30:27.2,GPS,378385252,0,6,156645200,2401,10,1.21,-35.3634469,149.1657933,614.86,6.697001,15.52936,-0.506,0,1
562989,30:27.4,GPS,378585172,0,6,156645400,2401,10,1.21,-35.3634349,149.1657973,614.96,7.117,15.38845,-0.539,0,1
563343,30:27.6,GPS,378785092,0,6,156645600,2401,10,1.21,-35.3634222,149.1658016,615.08,7.499001,15.22525,-0.5700001,0,1
563700,30:27.8,GPS,378985012,0,6,156645800,2401,10,1.21,-35.363409,149.165806,615.19,7.843,15.0702,-0.597,0,1
564058,30:28.0,GPS,379184932,0,6,156646000,2401,10,1.21,-35.3633951,149.1658105,615.31,8.150001,14.93716,-0.6210001,0,1
564415,30:28.2,GPS,379384852,0,6,156646200,2401,10,1.21,-35.3633807,149.1658153,615.44,8.427,14.8331,-0.641,0,1
564778,30:28.4,GPS,379584772,0,6,156646400,2401,10,1.21,-35.3633658,149.1658201,615.57,8.676001,14.75978,-0.659,0,1
565132,30:28.6,GPS,379784692,0,6,156646600,2401,10,1.21,-35.3633505,149.1658251,615.71,8.898001,14.71108,-0.675,0,1
565492,30:28.8,GPS,379984612,0,6,156646800,2401,10,1.21,-35.3633349,149.1658301,615.84,9.091001,14.68281,-0.688,0,1
565850,30:29.0,GPS,380185365,0,6,156647000,2401,10,1.21,-35.363319,149.1658352,615.98,9.255,14.67263,-0.6990001,0,1
565879,30:29.0,GPS,380205357,1,1,0,0,0,-0.01,0.0,0.0,0.0,0.0,0.0,0.0,0,0
566210,30:29.2,GPS,380385285,0,6,156647200,2401,10,1.21,-35.3633028,149.1658403,616.12,9.386001,14.67703,-0.706,0,1
566573,30:29.4,GPS,380585205,0,6,156647400,2401,10,1.21,-35.3632863,149.1658456,616.26,9.485001,14.69029,-0.711,0,1
566927,30:29.6,GPS,380785125,0,6,156647600,2401,10,1.21,-35.3632699,149.1658509,616.41,9.553,14.70833,-0.714,0,1
567284,30:29.8,GPS,380985045,0,6,156647800,2401,10,1.21,-35.3632532,149.1658563,616.55,9.594001,14.73083,-0.714,0,1
567642,30:30.0,GPS,381184965,0,6,156648000,2401,10,1.21,-35.3632365,149.1658617,616.69,9.620001,14.75909,-0.712,0,1
567998,30:30.2,GPS,381384885,0,6,156648200,2401,10,1.21,-35.3632197,149.1658671,616.83,9.635,14.79083,-0.711,0,1
568362,30:30.4,GPS,381584805,0,6,156648400,2401,10,1.21,-35.363203,149.1658726,616.98,9.623,14.8211,-0.708,0,1
568716,30:30.6,GPS,381784725,0,6,156648600,2401,10,1.21,-35.3631863,149.165878,617.12,9.573001,14.84732,-0.702,0,1
569073,30:30.8,GPS,381984645,0,6,156648800,2401,10,1.21,-35.3631697,149.1658833,617.26,9.48,14.86849,-0.694,0,1
569431,30:31.0,GPS,382185398,0,6,156649000,2401,10,1.21,-35.3631534,149.1658887,617.39,9.347,14.88318,-0.682,0,1
569787,30:31.2,GPS,382385318,0,6,156649200,2401,10,1.21,-35.3631373,149.1658939,617.53,9.172001,14.89263,-0.666,0,1
570153,30:31.4,GPS,382585238,0,6,156649400,2401,10,1.21,-35.3631216,149.1658991,617.66,8.955001,14.89879,-0.647,0,1
570507,30:31.6,GPS,382785158,0,6,156649600,2401,10,1.21,-35.3631063,149.165904,617.79,8.700001,14.90006,-0.626,0,1
570864,30:31.8,GPS,382985078,0,6,156649800,2401,10,1.21,-35.3630914,149.1659089,617.91,8.406,14.89494,-0.601,0,1
571222,30:32.0,GPS,383184998,0,6,156650000,2401,10,1.21,-35.3630771,149.1659136,618.03,8.073,14.88528,-0.574,0,1
571578,30:32.2,GPS,383384918,0,6,156650200,2401,10,1.21,-35.3630634,149.165918,618.14,7.697001,14.87267,-0.544,0,1
571942,30:32.4,GPS,383584838,0,6,156650400,2401,10,1.21,-35.3630505,149.1659222,618.25,7.276,14.85719,-0.511,0,1
572296,30:32.6,GPS,383784758,0,6,156650600,2401,10,1.21,-35.3630382,149.1659262,618.34,6.812,14.8372,-0.476,0,1
572653,30:32.8,GPS,383984678,0,6,156650800,2401,10,1.21,-35.3630268,149.16593,618.43,6.314,14.80458,-0.439,0,1
573011,30:33.0,GPS,384184598,0,6,156651000,2401,10,1.21,-35.3630162,149.1659333,618.52,5.795,14.68835,-0.4,0,1
573065,30:33.0,GPS,384224582,1,1,0,0,0,-0.01,0.0,0.0,0.0,0.0,0.0,0.0,0,0
573370,30:33.2,GPS,384385351,0,6,156651200,2401,10,1.21,-35.3630066,149.1659364,618.59,5.249,14.32725,-0.354,0,1
573733,30:33.4,GPS,384585271,0,6,156651400,2401,10,1.21,-35.362998,149.1659391,618.66,4.667,13.54086,-0.301,0,1
574087,30:33.6,GPS,384785191,0,6,156651600,2401,10,1.21,-35.3629904,149.1659412,618.71,4.051,12.11769,-0.24,0,1
574445,30:33.8,GPS,384985111,0,6,156651800,2401,10,1.21,-35.3629837,149.1659427,618.76,3.408,9.68946,-0.172,0,1
574803,30:34.0,GPS,385185031,0,6,156652000,2401,10,1.21,-35.3629783,149.1659437,618.79,2.755,5.51871,-0.097,0,1
575158,30:34.2,GPS,385384951,0,6,156652200,2401,10,1.21,-35.3629739,149.1659439,618.8,2.124,358.0269,-0.018,0,1
575522,30:34.4,GPS,385584871,0,6,156652400,2401,10,1.21,-35.3629707,149.1659434,618.79,1.583,343.9231,0.06500001,0,1
575879,30:34.6,GPS,385784791,0,6,156652600,2401,10,1.21,-35.3629684,149.1659421,618.77,1.251,318.7626,0.155,0,1
576235,30:34.8,GPS,385984711,0,6,156652800,2401,10,1.21,-35.3629673,149.1659398,618.73,1.276,287.4291,0.25,0,1
576593,30:35.0,GPS,386184631,0,6,156653000,2401,10,1.21,-35.362967,149.1659366,618.67,1.615,264.7864,0.344,0,1
576948,30:35.2,GPS,386385384,0,6,156653200,2401,10,1.21,-35.3629677,149.1659326,618.59,2.096,252.5238,0.437,0,1
577312,30:35.4,GPS,386585304,0,6,156653400,2401,10,1.21,-35.3629692,149.1659278,618.49,2.613,246.4424,0.528,0,1
577666,30:35.6,GPS,386785224,0,6,156653600,2401,10,1.21,-35.3629714,149.1659222,618.38,3.127,243.4951,0.622,0,1
578022,30:35.8,GPS,386985144,0,6,156653800,2401,10,1.21,-35.3629742,149.1659156,618.25,3.624,241.7351,0.714,0,1
578380,30:36.0,GPS,387185064,0,6,156654000,2401,10,1.21,-35.3629776,149.1659081,618.1,4.086,240.2425,0.798,0,1
578735,30:36.2,GPS,387384984,0,6,156654200,2401,10,1.21,-35.3629815,149.1658999,617.93,4.491,238.9206,0.867,0,1
579100,30:36.4,GPS,387584904,0,6,156654400,2401,10,1.21,-35.3629859,149.1658911,617.75,4.831,237.9896,0.9250001,0,1
579454,30:36.6,GPS,387784824,0,6,156654600,2401,10,1.21,-35.3629907,149.1658819,617.56,5.119,237.5395,0.9770001,0,1
579810,30:36.8,GPS,387984744,0,6,156654800,2401,10,1.21,-35.3629957,149.1658721,617.36,5.373,237.4222,1.025,0,1
580169,30:37.0,GPS,388184664,0,6,156655000,2401,10,1.21,-35.3630011,149.165862,617.15,5.599,237.4271,1.068,0,1
580247,30:37.1,GPS,388244640,1,1,0,0,0,-0.01,0.0,0.0,0.0,0.0,0.0,0.0,0,0
580526,30:37.2,GPS,388384584,0,6,156655200,2401,10,1.21,-35.3630066,149.1658514,616.93,5.8,237.434,1.107,0,1
580891,30:37.4,GPS,388585337,0,6,156655400,2401,10,1.21,-35.3630122,149.1658404,616.7,5.976,237.42,1.138,0,1
581245,30:37.6,GPS,388785257,0,6,156655600,2401,10,1.21,-35.3630181,149.1658292,616.47,6.13,237.3934,1.164,0,1
581601,30:37.8,GPS,388985177,0,6,156655800,2401,10,1.21,-35.3630241,149.1658177,616.24,6.263,237.36,1.184,0,1
581960,30:38.0,GPS,389185097,0,6,156656000,2401,10,1.21,-35.3630303,149.1658059,616.0,6.378,237.3208,1.199,0,1
582315,30:38.2,GPS,389385017,0,6,156656200,2401,10,1.21,-35.3630365,149.165794,615.76,6.479,237.2785,1.21,0,1
582679,30:38.4,GPS,389584937,0,6,156656400,2401,10,1.21,-35.3630428,149.1657819,615.52,6.568,237.238,1.216,0,1
583034,30:38.6,GPS,389784857,0,6,156656600,2401,10,1.21,-35.3630492,149.1657697,615.27,6.647,237.2016,1.218,0,1
583390,30:38.8,GPS,389984777,0,6,156656800,2401,10,1.21,-35.3630558,149.1657573,615.03,6.718,237.1683,1.217,0,1
583751,30:39.0,GPS,390184697,0,6,156657000,2401,10,1.21,-35.3630624,149.1657448,614.79,6.782001,237.1376,1.212,0,1
584106,30:39.2,GPS,390384617,0,6,156657200,2401,10,1.21,-35.363069,149.1657322,614.55,6.839,237.1105,1.205,0,1
584470,30:39.4,GPS,390585370,0,6,156657400,2401,10,1.21,-35.3630757,149.1657195,614.31,6.892,237.0871,1.194,0,1
584825,30:39.6,GPS,390785290,0,6,156657600,2401,10,1.21,-35.3630825,149.1657068,614.07,6.939,237.0683,1.182,0,1
585181,30:39.8,GPS,390985210,0,6,156657800,2401,10,1.21,-35.3630893,149.1656939,613.83,6.981,237.0392,1.172,0,1
585540,30:40.0,GPS,391185130,0,6,156658000,2401,10,1.21,-35.3630961,149.165681,613.6,7.016,236.975,1.164,0,1
585895,30:40.2,GPS,391385050,0,6,156658200,2401,10,1.21,-35.363103,149.1656679,613.36,7.047,236.8697,1.158,0,1
586259,30:40.4,GPS,391584970,0,6,156658400,2401,10,1.21,-35.3631099,149.165655,613.13,7.074,236.7327,1.153,0,1
586614,30:40.6,GPS,391784890,0,6,156658600,2401,10,1.21,-35.3631169,149.1656419,612.9,7.097,236.5803,1.151,0,1
586970,30:40.8,GPS,391984810,0,6,156658800,2401,10,1.21,-35.363124,149.1656288,612.67,7.117,236.4341,1.149,0,1
587329,30:41.0,GPS,392184730,0,6,156659000,2401,10,1.21,-35.3631311,149.1656158,612.44,7.135,236.3102,1.15,0,1
587482,30:41.1,GPS,392264698,1,1,0,0,0,-0.01,0.0,0.0,0.0,0.0,0.0,0.0,0,0
587686,30:41.2,GPS,392384650,0,6,156659200,2401,10,1.21,-35.3631382,149.1656027,612.21,7.152,236.2116,1.153,0,1
588051,30:41.4,GPS,392585403,0,6,156659400,2401,10,1.21,-35.3631454,149.1655895,611.98,7.168,236.138,1.156,0,1
588406,30:41.6,GPS,392785323,0,6,156659600,2401,10,1.21,-35.3631526,149.1655764,611.75,7.183001,236.0916,1.161,0,1
588762,30:41.8,GPS,392985243,0,6,156659800,2401,10,1.21,-35.3631598,149.1655633,611.52,7.197001,236.0687,1.166,0,1
589121,30:42.0,GPS,393185163,0,6,156660000,2401,10,1.21,-35.363167,149.1655501,611.28,7.211,236.0673,1.172,0,1
589476,30:42.2,GPS,393385083,0,6,156660200,2401,10,1.21,-35.3631742,149.165537,611.05,7.224,236.0909,1.179,0,1
589840,30:42.4,GPS,393585003,0,6,156660400,2401,10,1.21,-35.3631814,149.1655238,610.81,7.237,236.1346,1.187,0,1
590195,30:42.6,GPS,393784923,0,6,156660600,2401,10,1.21,-35.3631887,149.1655105,610.58,7.25,236.1893,1.194,0,1
590551,30:42.8,GPS,393984843,0,6,156660800,2401,10,1.21,-35.363196,149.1654972,610.33,7.263,236.256,1.202,0,1
590909,30:43.0,GPS,394184763,0,6,156661000,2401,10,1.21,-35.3632032,149.1654839,610.09,7.275001,236.3362,1.211,0,1
591265,30:43.2,GPS,394384683,0,6,156661200,2401,10,1.21,-35.3632105,149.1654705,609.85,7.286,236.4217,1.219,0,1
591629,30:43.4,GPS,394584603,0,6,156661400,2401,10,1.21,-35.3632177,149.1654571,609.6,7.298,236.5076,1.228,0,1
591984,30:43.6,GPS,394785356,0,6,156661600,2401,10,1.21,-35.3632249,149.1654437,609.36,7.31,236.5966,1.237,0,1
592340,30:43.8,GPS,394985276,0,6,156661800,2401,10,1.21,-35.3632322,149.1654302,609.11,7.321001,236.6859,1.245,0,1
592746,30:44.0,GPS,395185196,0,6,156662000,2401,10,1.21,-35.3632394,149.1654167,608.86,7.332,236.7685,1.253,0,1
593101,30:44.2,GPS,395385116,0,6,156662200,2401,10,1.21,-35.3632465,149.1654032,608.61,7.343,236.8415,1.261,0,1
593466,30:44.4,GPS,395585036,0,6,156662400,2401,10,1.21,-35.3632537,149.1653897,608.35,7.355,236.9034,1.267,0,1
593821,30:44.6,GPS,395784956,0,6,156662600,2401,10,1.21,-35.363261,149.1653761,608.1,7.367001,236.9488,1.27,0,1
594176,30:44.8,GPS,395984876,0,6,156662800,2401,10,1.21,-35.3632683,149.1653624,607.85,7.381001,236.9578,1.268,0,1
594535,30:45.0,GPS,396184796,0,6,156663000,2401,10,1.21,-35.3632755,149.1653488,607.59,7.39,236.9096,1.26,0,1
594713,30:45.1,GPS,396284756,1,1,0,0,0,-0.01,0.0,0.0,0.0,0.0,0.0,0.0,0,0
594892,30:45.2,GPS,396384716,0,6,156663200,2401,10,1.21,-35.3632828,149.1653351,607.34,7.384,236.8103,1.246,0,1
595257,30:45.4,GPS,396584636,0,6,156663400,2401,10,1.21,-35.36329,149.1653216,607.1,7.355,236.68,1.226,0,1
595612,30:45.6,GPS,396785389,0,6,156663600,2401,10,1.21,-35.3632973,149.1653081,606.86,7.296,236.5372,1.2,0,1
595967,30:45.8,GPS,396985309,0,6,156663800,2401,10,1.21,-35.3633045,149.1652948,606.62,7.198,236.3959,1.17,0,1
596325,30:46.0,GPS,397185229,0,6,156664000,2401,10,1.21,-35.3633116,149.1652817,606.38,7.06,236.2656,1.137,0,1
596681,30:46.2,GPS,397385149,0,6,156664200,2401,10,1.21,-35.3633185,149.165269,606.16,6.882,236.1523,1.099,0,1
597047,30:46.4,GPS,397585069,0,6,156664400,2401,10,1.21,-35.3633253,149.1652566,605.94,6.664001,236.0587,1.058,0,1
597402,30:46.6,GPS,397784989,0,6,156664600,2401,10,1.21,-35.3633319,149.1652446,605.74,6.404,235.9839,1.012,0,1
597760,30:46.8,GPS,397984909,0,6,156664800,2401,10,1.21,-35.3633382,149.1652332,605.54,6.102,235.9233,0.961,0,1
598118,30:47.0,GPS,398184829,0,6,156665000,2401,10,1.21,-35.3633442,149.1652223,605.36,5.757,235.8727,0.904,0,1
598474,30:47.2,GPS,398384749,0,6,156665200,2401,10,1.21,-35.3633497,149.1652121,605.18,5.369,235.8292,0.84,0,1
598838,30:47.4,GPS,398584669,0,6,156665400,2401,10,1.21,-35.363355,149.1652027,605.02,4.948,235.7941,0.771,0,1
599192,30:47.6,GPS,398784589,0,6,156665600,2401,10,1.21,-35.3633598,149.1651941,604.87,4.508,235.7686,0.698,0,1
599548,30:47.8,GPS,398985342,0,6,156665800,2401,10,1.21,-35.3633641,149.1651863,604.74,4.057,235.7479,0.6210001,0,1
599905,30:48.0,GPS,399185262,0,6,156666000,2401,10,1.21,-35.363368,149.1651794,604.62,3.596,235.7343,0.543,0,1
600261,30:48.2,GPS,399385182,0,6,156666200,2401,10,1.21,-35.3633714,149.1651733,604.52,3.125,235.7314,0.465,0,1
600629,30:48.4,GPS,399585102,0,6,156666400,2401,10,1.21,-35.3633742,149.165168,604.44,2.66,235.7436,0.389,0,1
600983,30:48.6,GPS,399785022,0,6,156666600,2401,10,1.21,-35.3633767,149.1651636,604.37,2.218,235.7824,0.32,0,1
601338,30:48.8,GPS,399984942,0,6,156666800,2401,10,1.21,-35.3633787,149.1651599,604.31,1.808,235.8531,0.259,0,1
601697,30:49.0,GPS,400184862,0,6,156667000,2401,10,1.21,-35.3633803,149.165157,604.26,1.429,235.9819,0.204,0,1
601903,30:49.1,GPS,400304814,1,1,0,0,0,-0.01,0.0,0.0,0.0,0.0,0.0,0.0,0,0
602055,30:49.2,GPS,400384782,0,6,156667200,2401,10,1.21,-35.3633816,149.1651546,604.22,1.083,236.2067,0.157,0,1
602419,30:49.4,GPS,400584702,0,6,156667400,2401,10,1.21,-35.3633825,149.1651529,604.2,0.772,236.584,0.116,0,1
602774,30:49.6,GPS,400784622,0,6,156667600,2401,10,1.21,-35.3633832,149.1651518,604.18,0.499,237.3113,0.081,0,1
603129,30:49.8,GPS,400985375,0,6,156667800,2401,10,1.21,-35.3633836,149.1651511,604.16,0.265,239.1838,0.052,0,1
603487,30:50.0,GPS,401185295,0,6,156668000,2401,10,1.21,-35.3633837,149.1651508,604.16,0.072,250.5353,0.03,0,1
603843,30:50.2,GPS,401385215,0,6,156668200,2401,10,1.21,-35.3633837,149.1651508,604.15,0.085,41.06253,0.013,0,1
604207,30:50.4,GPS,401585135,0,6,156668400,2401,10,1.21,-35.3633836,149.1651509,604.15,0.194,48.28143,0.001,0,1
604561,30:50.6,GPS,401785055,0,6,156668600,2401,10,1.21,-35.3633833,149.1651513,604.15,0.26,49.27611,-0.002,0,1
604918,30:50.8,GPS,401984975,0,6,156668800,2401,10,1.21,-35.363383,149.1651518,604.15,0.286,48.92171,-0.002,0,1
605275,30:51.0,GPS,402184895,0,6,156669000,2401,10,1.21,-35.3633826,149.1651522,604.16,0.286,47.97893,0.0,0,1
605631,30:51.2,GPS,402384815,0,6,156669200,2401,10,1.21,-35.3633823,149.1651527,604.15,0.269,46.7241,0.004,0,1
605996,30:51.4,GPS,402584735,0,6,156669400,2401,10,1.21,-35.363382,149.1651531,604.15,0.226,44.30831,0.008,0,1
606350,30:51.6,GPS,402784655,0,6,156669600,2401,10,1.21,-35.3633817,149.1651534,604.15,0.148,37.1842,0.012,0,1
606705,30:51.8,GPS,402985408,0,6,156669800,2401,10,1.21,-35.3633815,149.1651535,604.15,0.061,1.74534,0.014,0,1
607062,30:52.0,GPS,403185328,0,6,156670000,2401,10,1.21,-35.3633814,149.1651534,604.14,0.082,273.5581,0.014,0,1
607417,30:52.2,GPS,403385248,0,6,156670200,2401,10,1.21,-35.3633814,149.1651532,604.14,0.144,255.8526,0.015,0,1
607782,30:52.4,GPS,403585168,0,6,156670400,2401,10,1.21,-35.3633815,149.1651529,604.14,0.175,251.0872,0.015,0,1
608136,30:52.6,GPS,403785088,0,6,156670600,2401,10,1.21,-35.3633816,149.1651525,604.13,0.184,248.5748,0.016,0,1
608491,30:52.8,GPS,403985008,0,6,156670800,2401,10,1.21,-35.3633818,149.1651522,604.13,0.178,246.7802,0.016,0,1
608848,30:53.0,GPS,404184928,0,6,156671000,2401,10,1.21,-35.3633819,149.1651518,604.13,0.144,246.1794,0.016,0,1
609078,30:53.1,GPS,404324872,1,1,0,0,0,-0.01,0.0,0.0,0.0,0.0,0.0,0.0,0,0
609205,30:53.2,GPS,404384848,0,6,156671200,2401,10,1.21,-35.363382,149.1651516,604.12,0.079,248.2285,0.017,0,1
609569,30:53.4,GPS,404584768,0,6,156671400,2401,10,1.21,-35.363382,149.1651515,604.12,0.008,320.0109,0.019,0,1
609924,30:53.6,GPS,404784688,0,6,156671600,2401,10,1.21,-35.3633819,149.1651515,604.12,0.061,55.19619,0.019,0,1
610279,30:53.8,GPS,404984608,0,6,156671800,2401,10,1.21,-35.3633819,149.1651517,604.11,0.087,59.07008,0.019,0,1
610638,30:54.0,GPS,405185361,0,6,156672000,2401,10,1.21,-35.3633819,149.1651518,604.11,0.079,61.88985,0.018,0,1
610993,30:54.2,GPS,405385281,0,6,156672200,2401,10,1.21,-35.3633818,149.1651519,604.11,0.059,65.54837,0.017,0,1
611357,30:54.4,GPS,405585201,0,6,156672400,2401,10,1.21,-35.3633818,149.165152,604.1,0.042,70.40903,0.016,0,1
611712,30:54.6,GPS,405785121,0,6,156672600,2401,10,1.21,-35.3633818,149.1651521,604.1,0.031,76.07091,0.014,0,1
612067,30:54.8,GPS,405985041,0,6,156672800,2401,10,1.21,-35.3633818,149.1651521,604.1,0.025,80.81528,0.013,0,1
612424,30:55.0,GPS,406184961,0,6,156673000,2401,10,1.21,-35.3633818,149.1651522,604.09,0.022,82.85405,0.012,0,1
612779,30:55.2,GPS,406384881,0,6,156673200,2401,10,1.21,-35.3633818,149.1651522,604.09,0.022,81.95103,0.012,0,1
613143,30:55.4,GPS,406584801,0,6,156673400,2401,10,1.21,-35.3633818,149.1651523,604.09,0.023,79.46078,0.011,0,1
613498,30:55.6,GPS,406784721,0,6,156673600,2401,10,1.21,-35.3633818,149.1651523,604.09,0.025,76.46757,0.01,0,1
613852,30:55.8,GPS,406984641,0,6,156673800,2401,10,1.21,-35.3633818,149.1651524,604.09,0.027,73.4993,0.009000001,0,1
614210,30:56.0,GPS,407185394,0,6,156674000,2401,10,1.21,-35.3633817,149.1651525,604.08,0.029,71.03881,0.009000001,0,1
614565,30:56.2,GPS,407385314,0,6,156674200,2401,10,1.21,-35.3633817,149.1651525,604.08,0.03,69.32093,0.008,0,1
614929,30:56.4,GPS,407585234,0,6,156674400,2401,10,1.21,-35.3633817,149.1651526,604.08,0.031,68.32555,0.008,0,1
615284,30:56.6,GPS,407785154,0,6,156674600,2401,10,1.21,-35.3633817,149.1651526,604.08,0.03,67.95868,0.007,0,1
615638,30:56.8,GPS,407985074,0,6,156674800,2401,10,1.21,-35.3633817,149.1651527,604.08,0.029,68.03889,0.007,0,1
615996,30:57.0,GPS,408184994,0,6,156675000,2401,10,1.21,-35.3633816,149.1651527,604.08,0.028,68.34035,0.006,0,1
616252,30:57.2,GPS,408344930,1,1,0,0,0,-0.01,0.0,0.0,0.0,0.0,0.0,0.0,0,0
616353,30:57.2,GPS,408384914,0,6,156675200,2401,10,1.21,-35.3633815,149.1651528,604.07,0.027,68.96123,0.006,0,1
616717,30:57.4,GPS,408584834,0,6,156675400,2401,10,1.21,-35.3633815,149.1651528,604.07,0.025,70.30796,0.005,0,1
617072,30:57.6,GPS,408784754,0,6,156675600,2401,10,1.21,-35.3633815,149.1651529,604.07,0.024,72.53255,0.005,0,1
617426,30:57.8,GPS,408984674,0,6,156675800,2401,10,1.21,-35.3633815,149.165153,604.07,0.022,75.63115,0.005,0,1
617784,30:58.0,GPS,409184594,0,6,156676000,2401,10,1.21,-35.3633815,149.165153,604.07,0.02,79.87731,0.005,0,1
618139,30:58.2,GPS,409385347,0,6,156676200,2401,10,1.21,-35.3633815,149.1651531,604.07,0.018,84.86542,0.004,0,1
618503,30:58.4,GPS,409585267,0,6,156676400,2401,10,1.21,-35.3633815,149.1651531,604.07,0.016,89.71692,0.004,0,1
618858,30:58.6,GPS,409785187,0,6,156676600,2401,10,1.21,-35.3633815,149.1651532,604.07,0.015,93.74462,0.003,0,1
619212,30:58.8,GPS,409985107,0,6,156676800,2401,10,1.21,-35.3633815,149.1651532,604.07,0.013,96.6343,0.003,0,1
619570,30:59.0,GPS,410185027,0,6,156677000,2401,10,1.21,-35.3633815,149.1651532,604.07,0.012,99.10974,0.003,0,1
619927,30:59.2,GPS,410384947,0,6,156677200,2401,10,1.21,-35.3633815,149.1651532,604.07,0.01,102.4286,0.003,0,1
620291,30:59.4,GPS,410584867,0,6,156677400,2401,10,1.21,-35.3633815,149.1651532,604.06,0.009000001,106.4908,0.002,0,1
620646,30:59.6,GPS,410784787,0,6,156677600,2401,10,1.21,-35.3633815,149.1651532,604.06,0.007,109.0896,0.002,0,1
621000,30:59.8,GPS,410984707,0,6,156677800,2401,10,1.21,-35.3633815,149.1651532,604.06,0.007,108.4496,0.002,0,1
621358,31:00.0,GPS,411184627,0,6,156678000,2401,10,1.21,-35.3633815,149.1651532,604.06,0.007,106.6738,0.002,0,1
621713,31:00.2,GPS,411385380,0,6,156678200,2401,10,1.21,-35.3633815,149.1651533,604.06,0.007,105.333,0.001,0,1
622076,31:00.4,GPS,411585300,0,6,156678400,2401,10,1.21,-35.3633815,149.1651533,604.06,0.007,104.0427,0.001,0,1
622432,31:00.6,GPS,411785220,0,6,156678600,2401,10,1.21,-35.3633815,149.1651533,604.06,0.007,103.0928,0.0,0,1
622786,31:00.8,GPS,411985140,0,6,156678800,2401,10,1.21,-35.3633815,149.1651533,604.06,0.008,103.0354,0.0,0,1
623144,31:01.0,GPS,412185060,0,6,156679000,2401,10,1.21,-35.3633815,149.1651533,604.06,0.008,102.9505,0.0,0,1
623473,31:01.2,GPS,412364988,1,1,0,0,0,-0.01,0.0,0.0,0.0,0.0,0.0,0.0,0,0
623501,31:01.2,GPS,412384980,0,6,156679200,2401,10,1.21,-35.3633815,149.1651533,604.06,0.008,102.1271,0.0,0,1
623865,31:01.4,GPS,412584900,0,6,156679400,2401,10,1.21,-35.3633815,149.1651534,604.06,0.008,101.0567,-0.001,0,1
624221,31:01.6,GPS,412784820,0,6,156679600,2401,10,1.21,-35.3633815,149.1651535,604.06,0.008,99.16972,-0.001,0,1
624575,31:01.8,GPS,412984740,0,6,156679800,2401,10,1.21,-35.3633815,149.1651535,604.06,0.007,96.37408,-0.001,0,1
624933,31:02.0,GPS,413184660,0,6,156680000,2401,10,1.21,-35.3633815,149.1651535,604.06,0.006,94.22287,-0.001,0,1
625288,31:02.2,GPS,413384580,0,6,156680200,2401,10,1.21,-35.3633815,149.1651535,604.06,0.005,92.48814,-0.001,0,1
625651,31:02.4,GPS,413585333,0,6,156680400,2401,10,1.21,-35.3633815,149.1651535,604.06,0.004,90.68935,-0.002,0,1
626007,31:02.6,GPS,413785253,0,6,156680600,2401,10,1.21,-35.3633815,149.1651535,604.06,0.002,89.79726,-0.002,0,1
626361,31:02.8,GPS,413985173,0,6,156680800,2401,10,1.21,-35.3633815,149.1651535,604.07,0.0,82.61301,-0.002,0,1
626719,31:03.0,GPS,414185093,0,6,156681000,2401,10,1.21,-35.3633815,149.1651535,604.07,0.0,291.3251,-0.002,0,1
627074,31:03.2,GPS,414385013,0,6,156681200,2401,10,1.21,-35.3633815,149.1651535,604.07,0.001,285.7783,-0.002,0,1
627437,31:03.4,GPS,414584933,0,6,156681400,2401,10,1.21,-35.3633815,149.1651535,604.07,0.002,287.7369,-0.001,0,1
627793,31:03.6,GPS,414784853,0,6,156681600,2401,10,1.21,-35.3633815,149.1651535,604.07,0.002,287.1409,-0.001,0,1
628147,31:03.8,GPS,414984773,0,6,156681800,2401,10,1.21,-35.3633815,149.1651535,604.07,0.002,283.1725,0.0,0,1
628504,31:04.0,GPS,415184693,0,6,156682000,2401,10,1.21,-35.3633815,149.1651535,604.07,0.001,284.6895,0.0,0,1
628862,31:04.2,GPS,415384613,0,6,156682200,2401,10,1.21,-35.3633815,149.1651535,604.07,0.001,300.2977,0.0,0,1
629225,31:04.4,GPS,415585366,0,6,156682400,2401,10,1.21,-35.3633815,149.1651535,604.07,0.001,315.9354,0.0,0,1
629581,31:04.6,GPS,415785286,0,6,156682600,2401,10,1.21,-35.3633815,149.1651535,604.07,0.002,320.1665,0.0,0,1
629935,31:04.8,GPS,415985206,0,6,156682800,2401,10,1.21,-35.3633815,149.1651535,604.07,0.002,323.1165,0.0,0,1
630291,31:05.0,GPS,416185126,0,6,156683000,2401,10,1.21,-35.3633815,149.1651535,604.07,0.002,326.5338,0.0,0,1
630622,31:05.2,GPS,416365054,1,1,0,0,0,-0.01,0.0,0.0,0.0,0.0,0.0,0.0,0,0
630650,31:05.2,GPS,416385046,0,6,156683200,2401,10,1.21,-35.3633815,149.1651535,604.07,0.002,331.0577,0.0,0,1
631013,31:05.4,GPS,416584966,0,6,156683400,2401,10,1.21,-35.3633815,149.1651535,604.07,0.002,341.2955,-0.001,0,1
631369,31:05.6,GPS,416784886,0,6,156683600,2401,10,1.21,-35.3633815,149.1651535,604.07,0.002,356.7828,-0.001,0,1
631726,31:05.8,GPS,416984806,0,6,156683800,2401,10,1.21,-35.3633815,149.1651535,604.07,0.002,9.355249,0.0,0,1
632082,31:06.0,GPS,417184726,0,6,156684000,2401,10,1.21,-35.3633815,149.1651535,604.07,0.003,16.07975,0.001,0,1
632439,31:06.2,GPS,417384646,0,6,156684200,2401,10,1.21,-35.3633815,149.1651535,604.07,0.005,21.3346,0.008,0,1
632802,31:06.4,GPS,417585399,0,6,156684400,2401,10,1.21,-35.3633815,149.1651535,604.06,0.008,24.55461,0.015,0,1
633158,31:06.6,GPS,417785319,0,6,156684600,2401,10,1.21,-35.3633815,149.1651535,604.06,0.01,26.5739,0.014,0,1
633512,31:06.8,GPS,417985239,0,6,156684800,2401,10,1.21,-35.3633814,149.1651535,604.06,0.022,29.0244,0.008,0,1
633869,31:07.0,GPS,418185159,0,6,156685000,2401,10,1.21,-35.3633814,149.1651535,604.06,0.06500001,29.97089,0.002,0,1
634226,31:07.2,GPS,418385079,0,6,156685200,2401,10,1.21,-35.3633813,149.1651537,604.06,0.147,30.37169,0.001,0,1
634589,31:07.4,GPS,418584999,0,6,156685400,2401,10,1.21,-35.363381,149.1651539,604.06,0.263,30.637,0.002,0,1
634945,31:07.6,GPS,418784919,0,6,156685600,2401,10,1.21,-35.3633805,149.1651542,604.06,0.409,30.7565,0.004,0,1
635299,31:07.8,GPS,418984839,0,6,156685800,2401,10,1.21,-35.3633797,149.1651548,604.06,0.5840001,30.77028,0.005,0,1
635656,31:08.0,GPS,419184759,0,6,156686000,2401,10,1.21,-35.3633786,149.1651556,604.05,0.7870001,30.73085,0.005,0,1
636013,31:08.2,GPS,419384679,0,6,156686200,2401,10,1.21,-35.3633772,149.1651566,604.05,1.019,30.68668,0.005,0,1
636375,31:08.4,GPS,419584599,0,6,156686400,2401,10,1.21,-35.3633755,149.1651579,604.05,1.28,30.65939,0.004,0,1
636732,31:08.6,GPS,419785352,0,6,156686600,2401,10,1.21,-35.3633733,149.1651594,604.05,1.568,30.63859,0.003,0,1
637086,31:08.8,GPS,419985272,0,6,156686800,2401,10,1.21,-35.3633706,149.1651614,604.05,1.873,30.61192,0.001,0,1
637443,31:09.0,GPS,420185192,0,6,156687000,2401,10,1.21,-35.3633674,149.1651637,604.05,2.177,30.57295,0.0,0,1
637802,31:09.2,GPS,420385112,0,6,156687200,2401,10,1.21,-35.3633638,149.1651662,604.05,2.458,30.52418,0.0,0,1
637804,31:09.2,GPS,420385112,1,1,0,0,0,-0.01,0.0,0.0,0.0,0.0,0.0,0.0,0,0
638166,31:09.4,GPS,420585032,0,6,156687400,2401,10,1.21,-35.3633598,149.1651691,604.05,2.701,30.46551,0.0,0,1
638523,31:09.6,GPS,420784952,0,6,156687600,2401,10,1.21,-35.3633555,149.1651723,604.05,2.905,30.38836,0.0,0,1
638878,31:09.8,GPS,420984872,0,6,156687800,2401,10,1.21,-35.3633509,149.1651757,604.05,3.075,30.29087,0.0,0,1
639235,31:10.0,GPS,421184792,0,6,156688000,2401,10,1.21,-35.363346,149.1651792,604.05,3.214,30.17034,0.0,0,1
639592,31:10.2,GPS,421384712,0,6,156688200,2401,10,1.21,-35.3633409,149.1651828,604.05,3.325,30.03025,0.0,0,1
639954,31:10.4,GPS,421584632,0,6,156688400,2401,10,1.21,-35.3633356,149.1651865,604.05,3.406,29.88816,0.0,0,1
640311,31:10.6,GPS,421785385,0,6,156688600,2401,10,1.21,-35.3633303,149.1651902,604.05,3.459,29.7524,0.0,0,1
640666,31:10.8,GPS,421985305,0,6,156688800,2401,10,1.21,-35.3633248,149.1651939,604.05,3.483,29.625,0.0,0,1
641022,31:11.0,GPS,422185225,0,6,156689000,2401,10,1.21,-35.3633194,149.1651977,604.05,3.489,29.51448,0.0,0,1
641379,31:11.2,GPS,422385145,0,6,156689200,2401,10,1.21,-35.363314,149.1652016,604.05,3.49,29.43141,-0.001,0,1
641743,31:11.4,GPS,422585065,0,6,156689400,2401,10,1.21,-35.3633085,149.1652054,604.05,3.477,29.37324,-0.002,0,1
642098,31:11.6,GPS,422784985,0,6,156689600,2401,10,1.21,-35.363303,149.1652091,604.05,3.433,29.32303,-0.002,0,1
642454,31:11.8,GPS,422984905,0,6,156689800,2401,10,1.21,-35.3632978,149.1652128,604.05,3.351,29.27017,-0.003,0,1
642811,31:12.0,GPS,423184825,0,6,156690000,2401,10,1.21,-35.3632926,149.1652163,604.05,3.228,29.21111,-0.003,0,1
643168,31:12.2,GPS,423384745,0,6,156690200,2401,10,1.21,-35.3632877,149.1652197,604.06,3.066,29.14193,-0.003,0,1
643531,31:12.4,GPS,423584665,0,6,156690400,2401,10,1.21,-35.363283,149.1652229,604.06,2.864,29.05887,-0.004,0,1
643886,31:12.6,GPS,423784585,0,6,156690600,2401,10,1.21,-35.3632787,149.1652258,604.06,2.622,28.94972,-0.005,0,1
644242,31:12.8,GPS,423985338,0,6,156690800,2401,10,1.21,-35.3632748,149.1652284,604.06,2.34,28.79144,-0.006,0,1
644599,31:13.0,GPS,424185258,0,6,156691000,2401,10,1.21,-35.3632714,149.1652307,604.06,2.02,28.5492,-0.007,0,1
644956,31:13.2,GPS,424385178,0,6,156691200,2401,10,1.21,-35.3632684,149.1652327,604.06,1.677,28.19203,-0.008,0,1
644984,31:13.2,GPS,424405170,1,1,0,0,0,-0.01,0.0,0.0,0.0,0.0,0.0,0.0,0,0
645320,31:13.4,GPS,424585098,0,6,156691400,2401,10,1.21,-35.363266,149.1652343,604.06,1.338,27.70795,-0.008,0,1
645675,31:13.6,GPS,424785018,0,6,156691600,2401,10,1.21,-35.3632642,149.1652355,604.06,1.029,27.09438,-0.008,0,1
646031,31:13.8,GPS,424984938,0,6,156691800,2401,10,1.21,-35.3632627,149.1652363,604.07,0.763,26.35847,-0.007,0,1
646387,31:14.0,GPS,425184858,0,6,156692000,2401,10,1.21,-35.3632616,149.1652369,604.07,0.54,25.48416,-0.006,0,1
646744,31:14.2,GPS,425384778,0,6,156692200,2401,10,1.21,-35.3632609,149.1652374,604.07,0.358,24.43882,-0.004,0,1
647109,31:14.4,GPS,425584698,0,6,156692400,2401,10,1.21,-35.3632604,149.1652376,604.07,0.214,23.22194,-0.002,0,1
647464,31:14.6,GPS,425784618,0,6,156692600,2401,10,1.21,-35.3632602,149.1652377,604.07,0.105,21.87701,-0.001,0,1
647820,31:14.8,GPS,425985371,0,6,156692800,2401,10,1.21,-35.3632601,149.1652378,604.07,0.032,22.30192,0.0,0,1
648176,31:15.0,GPS,426185291,0,6,156693000,2401,10,1.21,-35.3632601,149.1652378,604.07,0.007,160.9341,0.0,0,1
648532,31:15.2,GPS,426385211,0,6,156693200,2401,10,1.21,-35.3632601,149.1652378,604.07,0.02,164.0712,0.001,0,1
648895,31:15.4,GPS,426585131,0,6,156693400,2401,10,1.21,-35.3632601,149.1652379,604.07,0.025,149.6393,0.001,0,1
649250,31:15.6,GPS,426785051,0,6,156693600,2401,10,1.21,-35.3632601,149.1652379,604.07,0.031,146.2827,0.001,0,1
649606,31:15.8,GPS,426984971,0,6,156693800,2401,10,1.21,-35.3632602,149.1652379,604.07,0.038,152.5568,0.0,0,1
649962,31:16.0,GPS,427184891,0,6,156694000,2401,10,1.21,-35.3632602,149.1652379,604.07,0.046,161.5053,0.0,0,1
650318,31:16.2,GPS,427384811,0,6,156694200,2401,10,1.21,-35.3632603,149.1652379,604.07,0.054,169.4188,0.0,0,1
650681,31:16.4,GPS,427584731,0,6,156694400,2401,10,1.21,-35.3632604,149.1652379,604.07,0.061,175.3682,0.0,0,1
651036,31:16.6,GPS,427784651,0,6,156694600,2401,10,1.21,-35.3632605,149.1652379,604.07,0.066,179.524,0.0,0,1
651392,31:16.8,GPS,427985404,0,6,156694800,2401,10,1.21,-35.3632607,149.1652379,604.07,0.06900001,182.4078,0.0,0,1
651748,31:17.0,GPS,428185324,0,6,156695000,2401,10,1.21,-35.3632608,149.1652379,604.07,0.07,184.3157,0.0,0,1
652104,31:17.2,GPS,428385244,0,6,156695200,2401,10,1.21,-35.3632609,149.1652379,604.07,0.06900001,185.4504,0.0,0,1
652158,31:17.2,GPS,428425228,1,1,0,0,0,-0.01,0.0,0.0,0.0,0.0,0.0,0.0,0,0
652469,31:17.4,GPS,428585164,0,6,156695400,2401,10,1.21,-35.363261,149.1652379,604.07,0.066,186.0929,0.0,0,1
652824,31:17.6,GPS,428785084,0,6,156695600,2401,10,1.21,-35.3632611,149.1652379,604.07,0.061,186.5032,0.0,0,1
653180,31:17.8,GPS,428985004,0,6,156695800,2401,10,1.21,-35.3632612,149.1652379,604.07,0.055,186.8268,-0.001,0,1
653536,31:18.0,GPS,429184924,0,6,156696000,2401,10,1.21,-35.3632613,149.1652379,604.07,0.049,187.139,-0.001,0,1
653892,31:18.2,GPS,429384844,0,6,156696200,2401,10,1.21,-35.3632614,149.1652379,604.07,0.043,187.7842,-0.001,0,1
654255,31:18.4,GPS,429584764,0,6,156696400,2401,10,1.21,-35.3632615,149.1652379,604.07,0.037,189.1341,-0.001,0,1
654610,31:18.6,GPS,429784684,0,6,156696600,2401,10,1.21,-35.3632616,149.1652379,604.07,0.031,191.3158,0.0,0,1
654965,31:18.8,GPS,429984604,0,6,156696800,2401,10,1.21,-35.3632616,149.1652379,604.07,0.026,194.2104,-0.001,0,1
655322,31:19.0,GPS,430185357,0,6,156697000,2401,10,1.21,-35.3632616,149.1652379,604.07,0.021,197.4691,-0.001,0,1
655678,31:19.2,GPS,430385277,0,6,156697200,2401,10,1.21,-35.3632616,149.1652379,604.07,0.017,201.5004,-0.001,0,1
656046,31:19.4,GPS,430585197,0,6,156697400,2401,10,1.21,-35.3632617,149.1652379,604.07,0.013,207.841,-0.001,0,1
656401,31:19.6,GPS,430785117,0,6,156697600,2401,10,1.21,-35.3632617,149.1652379,604.07,0.01,216.9689,-0.001,0,1
656756,31:19.8,GPS,430985037,0,6,156697800,2401,10,1.21,-35.3632617,149.1652379,604.07,0.009000001,227.6939,-0.001,0,1
657113,31:20.0,GPS,431184957,0,6,156698000,2401,10,1.21,-35.3632617,149.1652379,604.07,0.008,238.3062,-0.001,0,1
657470,31:20.2,GPS,431384877,0,6,156698200,2401,10,1.21,-35.3632617,149.1652379,604.07,0.008,249.8845,0.003,0,1
657833,31:20.4,GPS,431584797,0,6,156698400,2401,10,1.21,-35.3632617,149.1652379,604.06,0.009000001,286.8171,0.072,0,1
658188,31:20.6,GPS,431784717,0,6,156698600,2401,10,1.21,-35.3632617,149.1652378,604.03,0.015,321.1526,0.235,0,1
658544,31:20.8,GPS,431984637,0,6,156698800,2401,10,1.21,-35.3632617,149.1652378,603.97,0.023,332.5058,0.445,0,1
658901,31:21.0,GPS,432185390,0,6,156699000,2401,10,1.21,-35.3632617,149.1652378,603.86,0.028,336.6191,0.67,0,1
659257,31:21.2,GPS,432385310,0,6,156699200,2401,10,1.21,-35.3632617,149.1652378,603.69,0.03,337.5865,0.897,0,1
659336,31:21.3,GPS,432445286,1,1,0,0,0,-0.01,0.0,0.0,0.0,0.0,0.0,0.0,0,0
659624,31:21.4,GPS,432585230,0,6,156699400,2401,10,1.21,-35.3632616,149.1652377,603.5,0.028,336.1187,1.118,0,1
659979,31:21.6,GPS,432785150,0,6,156699600,2401,10,1.21,-35.3632616,149.1652377,603.25,0.024,332.0726,1.327,0,1
660335,31:21.8,GPS,432985070,0,6,156699800,2401,10,1.21,-35.3632616,149.1652377,602.97,0.015,317.1318,1.482,0,1
660692,31:22.0,GPS,433184990,0,6,156700000,2401,10,1.21,-35.3632616,149.1652377,602.66,0.009000001,244.4123,1.556,0,1
661048,31:22.2,GPS,433384910,0,6,156700200,2401,10,1.21,-35.3632616,149.1652377,602.35,0.021,198.6405,1.572,0,1
661411,31:22.4,GPS,433584830,0,6,156700400,2401,10,1.21,-35.3632616,149.1652376,602.04,0.032,188.6443,1.557,0,1
661767,31:22.6,GPS,433784750,0,6,156700600,2401,10,1.21,-35.3632616,149.1652375,601.73,0.04,184.9429,1.532,0,1
662122,31:22.8,GPS,433984670,0,6,156700800,2401,10,1.21,-35.3632617,149.1652375,601.43,0.043,182.9703,1.507,0,1
662479,31:23.0,GPS,434184590,0,6,156701000,2401,10,1.21,-35.3632618,149.1652375,601.13,0.043,181.3318,1.487,0,1
662834,31:23.2,GPS,434385343,0,6,156701200,2401,10,1.21,-35.3632619,149.1652375,600.83,0.041,179.4187,1.474,0,1
663197,31:23.4,GPS,434585263,0,6,156701400,2401,10,1.21,-35.3632619,149.1652375,600.54,0.037,176.9513,1.466,0,1
663554,31:23.6,GPS,434785183,0,6,156701600,2401,10,1.21,-35.363262,149.1652375,600.24,0.033,174.1704,1.464,0,1
663909,31:23.8,GPS,434985103,0,6,156701800,2401,10,1.21,-35.3632621,149.1652375,599.95,0.027,171.2116,1.465,0,1
664266,31:24.0,GPS,435185023,0,6,156702000,2401,10,1.21,-35.3632621,149.1652375,599.66,0.023,167.2657,1.468,0,1
664621,31:24.2,GPS,435384943,0,6,156702200,2401,10,1.21,-35.3632622,149.1652375,599.36,0.019,162.1431,1.471,0,1
664986,31:24.4,GPS,435584863,0,6,156702400,2401,10,1.21,-35.3632622,149.1652375,599.06,0.015,156.211,1.475,0,1
665342,31:24.6,GPS,435784783,0,6,156702600,2401,10,1.21,-35.3632622,149.1652375,598.77,0.013,149.7525,1.477,0,1
665697,31:24.8,GPS,435984703,0,6,156702800,2401,10,1.21,-35.3632622,149.1652375,598.48,0.011,142.9689,1.48,0,1
666054,31:25.0,GPS,436184623,0,6,156703000,2401,10,1.21,-35.3632622,149.1652375,598.18,0.009000001,135.0367,1.482,0,1
666410,31:25.2,GPS,436385376,0,6,156703200,2401,10,1.21,-35.3632622,149.1652376,597.88,0.009000001,126.7513,1.484,0,1
666569,31:25.3,GPS,436465344,1,1,0,0,0,-0.01,0.0,0.0,0.0,0.0,0.0,0.0,0,0
666775,31:25.4,GPS,436585296,0,6,156703400,2401,10,1.21,-35.3632622,149.1652377,597.58,0.008,122.1151,1.485,0,1
667131,31:25.6,GPS,436785216,0,6,156703600,2401,10,1.21,-35.3632622,149.1652377,597.29,0.008,122.6986,1.485,0,1
667486,31:25.8,GPS,436985136,0,6,156703800,2401,10,1.21,-35.3632622,149.1652377,596.99,0.007,128.0531,1.485,0,1
667843,31:26.0,GPS,437185056,0,6,156704000,2401,10,1.21,-35.3632622,149.1652377,596.69,0.006,139.441,1.486,0,1
668198,31:26.2,GPS,437384976,0,6,156704200,2401,10,1.21,-35.3632622,149.1652377,596.4,0.006,156.0806,1.485,0,1
668561,31:26.4,GPS,437584896,0,6,156704400,2401,10,1.21,-35.3632622,149.1652377,596.1,0.006,172.6471,1.485,0,1
668917,31:26.6,GPS,437784816,0,6,156704600,2401,10,1.21,-35.3632622,149.1652377,595.81,0.007,185.0687,1.483,0,1
669272,31:26.8,GPS,437984736,0,6,156704800,2401,10,1.21,-35.3632623,149.1652377,595.51,0.01,190.0732,1.442,0,1
669629,31:27.0,GPS,438184656,0,6,156705000,2401,10,1.21,-35.3632623,149.1652377,595.23,0.016,189.0264,1.319,0,1
669985,31:27.2,GPS,438385409,0,6,156705200,2401,10,1.21,-35.3632623,149.1652377,594.99,0.022,187.8329,1.131,0,1
670350,31:27.4,GPS,438585329,0,6,156705400,2401,10,1.21,-35.3632624,149.1652377,594.78,0.025,188.0729,0.915,0,1
670706,31:27.6,GPS,438785249,0,6,156705600,2401,10,1.21,-35.3632625,149.1652377,594.62,0.023,189.7524,0.697,0,1
671062,31:27.8,GPS,438985169,0,6,156705800,2401,10,1.21,-35.3632625,149.1652377,594.5,0.018,194.3129,0.529,0,1
671418,31:28.0,GPS,439185089,0,6,156706000,2401,10,1.21,-35.3632625,149.1652377,594.4,0.009000001,211.2732,0.443,0,1
671774,31:28.2,GPS,439385009,0,6,156706200,2401,10,1.21,-35.3632626,149.1652377,594.32,0.006,293.963,0.415,0,1
672137,31:28.4,GPS,439584929,0,6,156706400,2401,10,1.21,-35.3632625,149.1652377,594.24,0.013,334.1167,0.42,0,1
672493,31:28.6,GPS,439784849,0,6,156706600,2401,10,1.21,-35.3632625,149.1652377,594.15,0.02,342.4086,0.44,0,1
672848,31:28.8,GPS,439984769,0,6,156706800,2401,10,1.21,-35.3632625,149.1652377,594.06,0.026,345.6144,0.464,0,1
673204,31:29.0,GPS,440184689,0,6,156707000,2401,10,1.21,-35.3632625,149.1652377,593.96,0.028,347.0294,0.484,0,1
673560,31:29.2,GPS,440384609,0,6,156707200,2401,10,1.21,-35.3632624,149.1652377,593.87,0.029,347.0815,0.5,0,1
673742,31:29.3,GPS,440485402,1,1,0,0,0,-0.01,0.0,0.0,0.0,0.0,0.0,0.0,0,0
673927,31:29.4,GPS,440585362,0,6,156707400,2401,10,1.21,-35.3632623,149.1652377,593.77,0.028,346.1018,0.509,0,1
674283,31:29.6,GPS,440785282,0,6,156707600,2401,10,1.21,-35.3632623,149.1652376,593.66,0.026,344.7384,0.514,0,1
674637,31:29.8,GPS,440985202,0,6,156707800,2401,10,1.21,-35.3632623,149.1652375,593.56,0.023,343.3788,0.516,0,1
674994,31:30.0,GPS,441185122,0,6,156708000,2401,10,1.21,-35.3632622,149.1652375,593.45,0.021,342.0154,0.516,0,1
675351,31:30.2,GPS,441385042,0,6,156708200,2401,10,1.21,-35.3632622,149.1652375,593.35,0.018,341.2791,0.514,0,1
675714,31:30.4,GPS,441584962,0,6,156708400,2401,10,1.21,-35.3632622,149.1652375,593.25,0.016,341.8519,0.512,0,1
676070,31:30.6,GPS,441784882,0,6,156708600,2401,10,1.21,-35.3632622,149.1652375,593.15,0.013,344.1263,0.5100001,0,1
676424,31:30.8,GPS,441984802,0,6,156708800,2401,10,1.21,-35.3632622,149.1652375,593.05,0.011,348.3535,0.509,0,1
676781,31:31.0,GPS,442184722,0,6,156709000,2401,10,1.21,-35.3632622,149.1652375,592.94,0.009000001,354.2388,0.508,0,1
677137,31:31.2,GPS,442384642,0,6,156709200,2401,10,1.21,-35.3632621,149.1652375,592.83,0.008,1.51897,0.507,0,1
677501,31:31.4,GPS,442585395,0,6,156709400,2401,10,1.21,-35.3632621,149.1652375,592.74,0.007,9.17066,0.507,0,1
677856,31:31.6,GPS,442785315,0,6,156709600,2401,10,1.21,-35.3632621,149.1652375,592.64,0.006,15.66133,0.506,0,1
678211,31:31.8,GPS,442985235,0,6,156709800,2401,10,1.21,-35.3632621,149.1652375,592.54,0.006,20.42537,0.506,0,1
678568,31:32.0,GPS,443185155,0,6,156710000,2401,10,1.21,-35.3632621,149.1652375,592.44,0.006,24.14571,0.506,0,1
678924,31:32.2,GPS,443385075,0,6,156710200,2401,10,1.21,-35.3632621,149.1652375,592.33,0.005,28.17733,0.506,0,1
679287,31:32.4,GPS,443584995,0,6,156710400,2401,10,1.21,-35.3632621,149.1652375,592.24,0.005,31.81914,0.506,0,1
679642,31:32.6,GPS,443784915,0,6,156710600,2401,10,1.21,-35.3632621,149.1652375,592.13,0.004,34.20685,0.507,0,1
679997,31:32.8,GPS,443984835,0,6,156710800,2401,10,1.21,-35.3632621,149.1652375,592.03,0.004,36.16592,0.507,0,1
680354,31:33.0,GPS,444184755,0,6,156711000,2401,10,1.21,-35.3632621,149.1652375,591.93,0.004,37.5909,0.507,0,1
680710,31:33.2,GPS,444384675,0,6,156711200,2401,10,1.21,-35.3632621,149.1652375,591.83,0.004,38.87781,0.507,0,1
680921,31:33.3,GPS,444504627,1,1,0,0,0,-0.01,0.0,0.0,0.0,0.0,0.0,0.0,0,0
681075,31:33.4,GPS,444584595,0,6,156711400,2401,10,1.21,-35.363262,149.1652375,591.73,0.004,40.13177,0.507,0,1
681430,31:33.6,GPS,444785348,0,6,156711600,2401,10,1.21,-35.363262,149.1652375,591.63,0.004,41.62433,0.507,0,1
681785,31:33.8,GPS,444985268,0,6,156711800,2401,10,1.21,-35.363262,149.1652375,591.53,0.004,45.14636,0.507,0,1
682142,31:34.0,GPS,445185188,0,6,156712000,2401,10,1.21,-35.363262,149.1652375,591.42,0.004,52.15114,0.506,0,1
682499,31:34.2,GPS,445385108,0,6,156712200,2401,10,1.21,-35.363262,149.1652375,591.32,0.003,63.20249,0.506,0,1
682862,31:34.4,GPS,445585028,0,6,156712400,2401,10,1.21,-35.363262,149.1652375,591.22,0.003,76.69702,0.506,0,1
683219,31:34.6,GPS,445784948,0,6,156712600,2401,10,1.21,-35.363262,149.1652375,591.12,0.003,89.30065,0.506,0,1
683574,31:34.8,GPS,445984868,0,6,156712800,2401,10,1.21,-35.363262,149.1652375,591.02,0.003,100.327,0.506,0,1
683931,31:35.0,GPS,446184788,0,6,156713000,2401,10,1.21,-35.363262,149.1652375,590.92,0.003,110.5882,0.506,0,1
684287,31:35.2,GPS,446384708,0,6,156713200,2401,10,1.21,-35.363262,149.1652375,590.82,0.003,119.0642,0.506,0,1
684650,31:35.4,GPS,446584628,0,6,156713400,2401,10,1.21,-35.363262,149.1652375,590.71,0.004,127.3798,0.506,0,1
685005,31:35.6,GPS,446785381,0,6,156713600,2401,10,1.21,-35.363262,149.1652375,590.61,0.004,132.7211,0.506,0,1
685360,31:35.8,GPS,446985301,0,6,156713800,2401,10,1.21,-35.363262,149.1652375,590.51,0.004,134.7179,0.506,0,1
685717,31:36.0,GPS,447185221,0,6,156714000,2401,10,1.21,-35.363262,149.1652375,590.41,0.005,138.252,0.505,0,1
686072,31:36.2,GPS,447385141,0,6,156714200,2401,10,1.21,-35.363262,149.1652375,590.31,0.005,142.8586,0.505,0,1
686436,31:36.4,GPS,447585061,0,6,156714400,2401,10,1.21,-35.363262,149.1652375,590.2,0.005,145.3816,0.505,0,1
686791,31:36.6,GPS,447784981,0,6,156714600,2401,10,1.21,-35.363262,149.1652376,590.11,0.005,146.3316,0.505,0,1
687146,31:36.8,GPS,447984901,0,6,156714800,2401,10,1.21,-35.363262,149.1652377,590.01,0.005,146.6264,0.504,0,1
687503,31:37.0,GPS,448184821,0,6,156715000,2401,10,1.21,-35.363262,149.1652377,589.91,0.004,147.0953,0.504,0,1
687858,31:37.2,GPS,448384741,0,6,156715200,2401,10,1.21,-35.363262,149.1652377,589.8,0.004,151.3342,0.504,0,1
688094,31:37.3,GPS,448524685,1,1,0,0,0,-0.01,0.0,0.0,0.0,0.0,0.0,0.0,0,0
688224,31:37.4,GPS,448584661,0,6,156715400,2401,10,1.21,-35.363262,149.1652377,589.7,0.003,166.0555,0.504,0,1
688579,31:37.6,GPS,448784581,0,6,156715600,2401,10,1.21,-35.363262,149.1652377,589.6,0.004,189.6796,0.504,0,1
688934,31:37.8,GPS,448985334,0,6,156715800,2401,10,1.21,-35.363262,149.1652377,589.5,0.004,208.1965,0.504,0,1
689291,31:38.0,GPS,449185254,0,6,156716000,2401,10,1.21,-35.363262,149.1652377,589.4,0.005,217.8098,0.504,0,1
689646,31:38.2,GPS,449385174,0,6,156716200,2401,10,1.21,-35.363262,149.1652377,589.3,0.006,224.1093,0.504,0,1
690009,31:38.4,GPS,449585094,0,6,156716400,2401,10,1.21,-35.363262,149.1652377,589.2,0.007,228.9478,0.503,0,1
690366,31:38.6,GPS,449785014,0,6,156716600,2401,10,1.21,-35.3632621,149.1652377,589.1,0.008,232.0571,0.503,0,1
690721,31:38.8,GPS,449984934,0,6,156716800,2401,10,1.21,-35.3632621,149.1652377,589.0,0.009000001,235.6708,0.503,0,1
691078,31:39.0,GPS,450184854,0,6,156717000,2401,10,1.21,-35.3632621,149.1652377,588.9,0.009000001,240.9263,0.503,0,1
691433,31:39.2,GPS,450384774,0,6,156717200,2401,10,1.21,-35.3632621,149.1652377,588.8,0.009000001,246.2178,0.503,0,1
691796,31:39.4,GPS,450584694,0,6,156717400,2401,10,1.21,-35.3632621,149.1652376,588.7,0.009000001,250.1296,0.502,0,1
692154,31:39.6,GPS,450784614,0,6,156717600,2401,10,1.21,-35.3632621,149.1652375,588.6,0.009000001,252.1302,0.502,0,1
692509,31:39.8,GPS,450985367,0,6,156717800,2401,10,1.21,-35.3632621,149.1652375,588.5,0.009000001,252.7894,0.502,0,1
692866,31:40.0,GPS,451185287,0,6,156718000,2401,10,1.21,-35.3632621,149.1652375,588.39,0.008,254.277,0.502,0,1
693221,31:40.2,GPS,451385207,0,6,156718200,2401,10,1.21,-35.3632621,149.1652375,588.29,0.007,257.1039,0.502,0,1
693584,31:40.4,GPS,451585127,0,6,156718400,2401,10,1.21,-35.3632621,149.1652375,588.19,0.006,260.4892,0.501,0,1
693940,31:40.6,GPS,451785047,0,6,156718600,2401,10,1.21,-35.3632621,149.1652375,588.08,0.003,264.9351,0.501,0,1
694294,31:40.8,GPS,451984967,0,6,156718800,2401,10,1.21,-35.3632621,149.1652375,587.99,0.0,290.5324,0.501,0,1
694652,31:41.0,GPS,452184887,0,6,156719000,2401,10,1.21,-35.3632621,149.1652375,587.89,0.001,79.34267,0.501,0,1
695007,31:41.2,GPS,452384807,0,6,156719200,2401,10,1.21,-35.3632621,149.1652375,587.79,0.003,81.77169,0.501,0,1
695270,31:41.4,GPS,452544743,1,1,0,0,0,-0.01,0.0,0.0,0.0,0.0,0.0,0.0,0,0
695373,31:41.4,GPS,452584727,0,6,156719400,2401,10,1.21,-35.3632621,149.1652375,587.69,0.003,77.103,0.501,0,1
695729,31:41.6,GPS,452784647,0,6,156719600,2401,10,1.21,-35.3632621,149.1652375,587.58,0.003,70.29127,0.5,0,1
696083,31:41.8,GPS,452985400,0,6,156719800,2401,10,1.21,-35.3632621,149.1652375,587.49,0.003,65.43637,0.5,0,1
696441,31:42.0,GPS,453185320,0,6,156720000,2401,10,1.21,-35.3632621,149.1652375,587.39,0.002,68.96826,0.5,0,1
696796,31:42.2,GPS,453385240,0,6,156720200,2401,10,1.21,-35.3632621,149.1652375,587.29,0.002,85.49289,0.5,0,1
697159,31:42.4,GPS,453585160,0,6,156720400,2401,10,1.21,-35.3632621,149.1652375,587.19,0.001,103.4744,0.5,0,1
697515,31:42.6,GPS,453785080,0,6,156720600,2401,10,1.21,-35.3632621,149.1652375,587.08,0.001,115.7534,0.5,0,1
697870,31:42.8,GPS,453985000,0,6,156720800,2401,10,1.21,-35.3632621,149.1652375,586.99,0.001,122.5607,0.5,0,1
698228,31:43.0,GPS,454184920,0,6,156721000,2401,10,1.21,-35.3632621,149.1652375,586.89,0.001,121.6709,0.499,0,1
698583,31:43.2,GPS,454384840,0,6,156721200,2401,10,1.21,-35.3632621,149.1652375,586.79,0.001,117.8858,0.5,0,1
698946,31:43.4,GPS,454584760,0,6,156721400,2401,10,1.21,-35.3632621,149.1652375,586.69,0.001,116.1105,0.499,0,1
699302,31:43.6,GPS,454784680,0,6,156721600,2401,10,1.21,-35.3632621,149.1652375,586.58,0.002,114.0809,0.499,0,1
699656,31:43.8,GPS,454984600,0,6,156721800,2401,10,1.21,-35.3632621,149.1652375,586.49,0.002,111.8265,0.5,0,1
700014,31:44.0,GPS,455185353,0,6,156722000,2401,10,1.21,-35.3632621,149.1652375,586.39,0.003,114.2125,0.5,0,1
700369,31:44.2,GPS,455385273,0,6,156722200,2401,10,1.21,-35.3632621,149.1652375,586.29,0.003,119.4462,0.499,0,1
700732,31:44.4,GPS,455585193,0,6,156722400,2401,10,1.21,-35.3632621,149.1652375,586.19,0.003,124.3738,0.499,0,1
701090,31:44.6,GPS,455785113,0,6,156722600,2401,10,1.21,-35.3632621,149.1652375,586.08,0.003,128.7058,0.5,0,1
701444,31:44.8,GPS,455985033,0,6,156722800,2401,10,1.21,-35.3632621,149.1652375,585.99,0.003,132.7307,0.5,0,1
701802,31:45.0,GPS,456184953,0,6,156723000,2401,10,1.21,-35.3632621,149.1652375,585.89,0.003,135.8021,0.5,0,1
702157,31:45.2,GPS,456384873,0,6,156723200,2401,10,1.21,-35.3632621,149.1652375,585.79,0.004,137.778,0.499,0,1
702493,31:45.4,GPS,456564801,1,1,0,0,0,-0.01,0.0,0.0,0.0,0.0,0.0,0.0,0,0
702521,31:45.4,GPS,456584793,0,6,156723400,2401,10,1.21,-35.3632621,149.1652375,585.69,0.004,140.1475,0.499,0,1
702878,31:45.6,GPS,456784713,0,6,156723600,2401,10,1.21,-35.3632621,149.1652375,585.58,0.004,142.6996,0.499,0,1
703232,31:45.8,GPS,456984633,0,6,156723800,2401,10,1.21,-35.3632622,149.1652375,585.49,0.005,145.4877,0.499,0,1
703590,31:46.0,GPS,457185386,0,6,156724000,2401,10,1.21,-35.3632622,149.1652375,585.39,0.005,147.5644,0.499,0,1
703945,31:46.2,GPS,457385306,0,6,156724200,2401,10,1.21,-35.3632622,149.1652375,585.29,0.005,147.5126,0.499,0,1
704307,31:46.4,GPS,457585226,0,6,156724400,2401,10,1.21,-35.3632622,149.1652375,585.19,0.004,145.5084,0.499,0,1
704664,31:46.6,GPS,457785146,0,6,156724600,2401,10,1.21,-35.3632622,149.1652375,585.08,0.004,141.2633,0.5,0,1
705018,31:46.8,GPS,457985066,0,6,156724800,2401,10,1.21,-35.3632622,149.1652375,584.99,0.004,135.7475,0.5,0,1
705375,31:47.0,GPS,458184986,0,6,156725000,2401,10,1.21,-35.3632622,149.1652375,584.89,0.004,131.4897,0.5,0,1
705732,31:47.2,GPS,458384906,0,6,156725200,2401,10,1.21,-35.3632622,149.1652375,584.79,0.004,129.3591,0.501,0,1
706094,31:47.4,GPS,458584826,0,6,156725400,2401,10,1.21,-35.3632622,149.1652375,584.69,0.004,129.4325,0.501,0,1
706451,31:47.6,GPS,458784746,0,6,156725600,2401,10,1.21,-35.3632622,149.1652375,584.58,0.004,132.563,0.501,0,1
706805,31:47.8,GPS,458984666,0,6,156725800,2401,10,1.21,-35.3632622,149.1652376,584.49,0.004,138.5659,0.501,0,1
707162,31:48.0,GPS,459184586,0,6,156726000,2401,10,1.21,-35.3632622,149.1652377,584.39,0.005,146.6213,0.501,0,1
707518,31:48.2,GPS,459385339,0,6,156726200,2401,10,1.21,-35.3632622,149.1652377,584.29,0.006,156.2766,0.501,0,1
707880,31:48.4,GPS,459585259,0,6,156726400,2401,10,1.21,-35.3632622,149.1652377,584.19,0.007,166.9817,0.501,0,1
708239,31:48.6,GPS,459785179,0,6,156726600,2401,10,1.21,-35.3632622,149.1652377,584.1,0.002,166.2241,0.265,0,1
708594,31:48.8,GPS,459985099,0,6,156726800,2401,10,1.21,-35.3632622,149.1652377,584.08,0.002,358.2911,-0.044,0,1
708951,31:49.0,GPS,460185019,0,6,156727000,2401,10,1.21,-35.3632622,149.1652377,584.09,0.0,315.8736,-0.054,0,1
709315,31:49.2,GPS,460384939,0,6,156727200,2401,10,1.21,-35.3632622,149.1652377,584.09,0.001,179.3085,0.012,0,1
709688,31:49.4,GPS,460584859,0,6,156727400,2401,10,1.21,-35.3632622,149.1652377,584.09,0.0,179.1968,0.005,0,1
709690,31:49.4,GPS,460584859,1,1,0,0,0,-0.01,0.0,0.0,0.0,0.0,0.0,0.0,0,0
710057,31:49.6,GPS,460784779,0,6,156727600,2401,10,1.21,-35.3632622,149.1652377,584.09,0.0,359.3931,-0.002,0,1
710423,31:49.8,GPS,460984699,0,6,156727800,2401,10,1.21,-35.3632622,149.1652377,584.09,0.0,359.1002,0.0,0,1
710789,31:50.0,GPS,461184619,0,6,156728000,2401,10,1.21,-35.3632622,149.1652377,584.09,0.0,180.5698,0.0,0,1
711154,31:50.2,GPS,461385372,0,6,156728200,2401,10,1.21,-35.3632622,149.1652377,584.09,0.0,180.2566,0.0,0,1
711516,31:50.4,GPS,461585292,0,6,156728400,2401,10,1.21,-35.3632622,149.1652377,584.09,0.0,180.2045,0.0,0,1
711878,31:50.6,GPS,461785212,0,6,156728600,2401,10,1.21,-35.3632622,149.1652377,584.09,0.0,180.3713,0.0,0,1
712218,31:50.8,GPS,461985132,0,6,156728800,2401,10,1.21,-35.3632622,149.1652377,584.09,0.0,180.5893,0.0,0,1
712560,31:51.0,GPS,462185052,0,6,156729000,2401,10,1.21,-35.3632622,149.1652377,584.09,0.0,183.0327,0.0,0,1
712903,31:51.2,GPS,462384972,0,6,156729200,2401,10,1.21,-35.3632622,149.1652377,584.09,0.0,357.5341,0.0,0,1
713252,31:51.4,GPS,462584892,0,6,156729400,2401,10,1.21,-35.3632622,149.1652377,584.09,0.0,351.5898,0.0,0,1
713595,31:51.6,GPS,462784812,0,6,156729600,2401,10,1.21,-35.3632622,149.1652377,584.09,0.0,341.4528,0.0,0,1
713935,31:51.8,GPS,462984732,0,6,156729800,2401,10,1.21,-35.3632622,149.1652377,584.09,0.0,349.8935,0.0,0,1
714277,31:52.0,GPS,463184652,0,6,156730000,2401,10,1.21,-35.3632622,149.1652377,584.09,0.0,350.2144,0.0,0,1
714620,31:52.2,GPS,463385405,0,6,156730200,2401,10,1.21,-35.3632622,149.1652377,584.09,0.0,349.5506,0.0,0,1
714968,31:52.4,GPS,463585325,0,6,156730400,2401,10,1.21,-35.3632622,149.1652377,584.09,0.0,349.5872,0.0,0,1
715311,31:52.6,GPS,463785245,0,6,156730600,2401,10,1.21,-35.3632622,149.1652377,584.09,0.0,349.6765,0.0,0,1
715651,31:52.8,GPS,463985165,0,6,156730800,2401,10,1.21,-35.3632622,149.1652377,584.09,0.0,349.6612,0.0,0,1
715993,31:53.0,GPS,464185085,0,6,156731000,2401,10,1.21,-35.3632622,149.1652377,584.09,0.0,349.651,0.0,0,1
716336,31:53.2,GPS,464385005,0,6,156731200,2401,10,1.21,-35.3632622,149.1652377,584.09,0.0,349.6543,0.0,0,1
716684,31:53.4,GPS,464584925,0,6,156731400,2401,10,1.21,-35.3632622,149.1652377,584.09,0.0,349.6553,0.0,0,1
716712,31:53.4,GPS,464604917,1,1,0,0,0,-0.01,0.0,0.0,0.0,0.0,0.0,0.0,0,0
717029,31:53.6,GPS,464784845,0,6,156731600,2401,10,1.21,-35.3632622,149.1652377,584.09,0.0,349.6547,0.0,0,1
717369,31:53.8,GPS,464984765,0,6,156731800,2401,10,1.21,-35.3632622,149.1652377,584.09,0.0,349.6546,0.0,0,1
717711,31:54.0,GPS,465184685,0,6,156732000,2401,10,1.21,-35.3632622,149.1652377,584.09,0.0,349.6547,0.0,0,1
718054,31:54.2,GPS,465384605,0,6,156732200,2401,10,1.21,-35.3632622,149.1652377,584.09,0.0,349.6547,0.0,0,1
718402,31:54.4,GPS,465585358,0,6,156732400,2401,10,1.21,-35.3632622,149.1652377,584.09,0.0,349.6547,0.0,0,1
718744,31:54.6,GPS,465785278,0,6,156732600,2401,10,1.21,-35.3632622,149.1652377,584.09,0.0,349.6547,0.0,0,1
719087,31:54.8,GPS,465985198,0,6,156732800,2401,10,1.21,-35.3632622,149.1652377,584.09,0.0,349.6547,0.0,0,1
719429,31:55.0,GPS,466185118,0,6,156733000,2401,10,1.21,-35.3632622,149.1652377,584.09,0.0,349.6547,0.0,0,1
719772,31:55.2,GPS,466385038,0,6,156733200,2401,10,1.21,-35.3632622,149.1652377,584.09,0.0,349.6547,0.0,0,1
720121,31:55.4,GPS,466584958,0,6,156733400,2401,10,1.21,-35.3632622,149.1652377,584.09,0.0,349.6547,0.0,0,1
720462,31:55.6,GPS,466784878,0,6,156733600,2401,10,1.21,-35.3632622,149.1652377,584.09,0.0,349.6547,0.0,0,1
720804,31:55.8,GPS,466984798,0,6,156733800,2401,10,1.21,-35.3632622,149.1652377,584.09,0.0,349.6547,0.0,0,1
721146,31:56.0,GPS,467184718,0,6,156734000,2401,10,1.21,-35.3632622,149.1652377,584.09,0.0,349.6547,0.0,0,1
721489,31:56.2,GPS,467384638,0,6,156734200,2401,10,1.21,-35.3632622,149.1652377,584.09,0.0,349.6547,0.0,0,1
721837,31:56.4,GPS,467585391,0,6,156734400,2401,10,1.21,-35.3632622,149.1652377,584.09,0.0,349.6547,0.0,0,1
722178,31:56.6,GPS,467785311,0,6,156734600,2401,10,1.21,-35.3632622,149.1652377,584.09,0.0,349.6547,0.0,0,1
722520,31:56.8,GPS,467985231,0,6,156734800,2401,10,1.21,-35.3632622,149.1652377,584.09,0.0,349.6547,0.0,0,1
722862,31:57.0,GPS,468185151,0,6,156735000,2401,10,1.21,-35.3632622,149.1652377,584.09,0.0,349.6547,0.0,0,1
723205,31:57.2,GPS,468385071,0,6,156735200,2401,10,1.21,-35.3632622,149.1652377,584.09,0.0,349.6547,0.0,0,1
723553,31:57.4,GPS,468584991,0,6,156735400,2401,10,1.21,-35.3632622,149.1652377,584.09,0.0,349.6547,0.0,0,1
723607,31:57.4,GPS,468624975,1,1,0,0,0,-0.01,0.0,0.0,0.0,0.0,0.0,0.0,0,0
723896,31:57.6,GPS,468784911,0,6,156735600,2401,10,1.21,-35.3632622,149.1652377,584.09,0.0,349.6547,0.0,0,1
724238,31:57.8,GPS,468984831,0,6,156735800,2401,10,1.21,-35.3632622,149.1652377,584.09,0.0,349.6547,0.0,0,1
724580,31:58.0,GPS,469184751,0,6,156736000,2401,10,1.21,-35.3632622,149.1652377,584.09,0.0,349.6547,0.0,0,1
724922,31:58.2,GPS,469384671,0,6,156736200,2401,10,1.21,-35.3632622,149.1652377,584.09,0.0,349.6547,0.0,0,1
725271,31:58.4,GPS,469584591,0,6,156736400,2401,10,1.21,-35.3632622,149.1652377,584.09,0.0,349.6547,0.0,0,1
725612,31:58.6,GPS,469785344,0,6,156736600,2401,10,1.21,-35.3632622,149.1652377,584.09,0.0,349.6547,0.0,0,1
725954,31:58.8,GPS,469985264,0,6,156736800,2401,10,1.21,-35.3632622,149.1652377,584.09,0.0,349.6547,0.0,0,1
726296,31:59.0,GPS,470185184,0,6,156737000,2401,10,1.21,-35.3632622,149.1652377,584.09,0.0,349.6547,0.0,0,1
726638,31:59.2,GPS,470385104,0,6,156737200,2401,10,1.21,-35.3632622,149.1652377,584.09,0.0,349.6547,0.0,0,1
726987,31:59.4,GPS,470585024,0,6,156737400,2401,10,1.21,-35.3632622,149.1652377,584.09,0.0,349.6547,0.0,0,1
727328,31:59.6,GPS,470784944,0,6,156737600,2401,10,1.21,-35.3632622,149.1652377,584.09,0.0,349.6547,0.0,0,1
727672,31:59.8,GPS,470984864,0,6,156737800,2401,10,1.21,-35.3632622,149.1652377,584.09,0.0,349.6547,0.0,0,1
728014,32:00.0,GPS,471184784,0,6,156738000,2401,10,1.21,-35.3632622,149.1652377,584.09,0.0,349.6548,0.0,0,1
728356,32:00.2,GPS,471384704,0,6,156738200,2401,10,1.21,-35.3632622,149.1652377,584.09,0.0,349.6548,0.0,0,1
728705,32:00.4,GPS,471584624,0,6,156738400,2401,10,1.21,-35.3632622,149.1652377,584.09,0.0,349.6547,0.0,0,1
729046,32:00.6,GPS,471785377,0,6,156738600,2401,10,1.21,-35.3632622,149.1652377,584.09,0.0,349.6547,0.0,0,1
729388,32:00.8,GPS,471985297,0,6,156738800,2401,10,1.21,-35.3632622,149.1652377,584.09,0.0,349.6547,0.0,0,1
729730,32:01.0,GPS,472185217,0,6,156739000,2401,10,1.21,-35.3632622,149.1652377,584.09,0.0,349.6547,0.0,0,1
730072,32:01.2,GPS,472385137,0,6,156739200,2401,10,1.21,-35.3632622,149.1652377,584.09,0.0,349.6547,0.0,0,1
730422,32:01.4,GPS,472585057,0,6,156739400,2401,10,1.21,-35.3632622,149.1652377,584.09,0.0,349.6548,0.0,0,1
730476,32:01.4,GPS,472625041,1,1,0,0,0,-0.01,0.0,0.0,0.0,0.0,0.0,0.0,0,0
730765,32:01.6,GPS,472784977,0,6,156739600,2401,10,1.21,-35.3632622,149.1652377,584.09,0.0,349.6548,0.0,0,1
731107,32:01.8,GPS,472984897,0,6,156739800,2401,10,1.21,-35.3632622,149.1652377,584.09,0.0,349.6547,0.0,0,1
731449,32:02.0,GPS,473184817,0,6,156740000,2401,10,1.21,-35.3632622,149.1652377,584.09,0.0,349.6547,0.0,0,1
731791,32:02.2,GPS,473384737,0,6,156740200,2401,10,1.21,-35.3632622,149.1652377,584.09,0.0,349.6547,0.0,0,1
732140,32:02.4,GPS,473584657,0,6,156740400,2401,10,1.21,-35.3632622,149.1652377,584.09,0.0,349.6547,0.0,0,1
732481,32:02.6,GPS,473785410,0,6,156740600,2401,10,1.21,-35.3632622,149.1652377,584.09,0.0,349.6547,0.0,0,1
732822,32:02.8,GPS,473985330,0,6,156740800,2401,10,1.21,-35.3632622,149.1652377,584.09,0.0,349.6547,0.0,0,1
733165,32:03.0,GPS,474185250,0,6,156741000,2401,10,1.21,-35.3632622,149.1652377,584.09,0.0,349.6547,0.0,0,1
733507,32:03.2,GPS,474385170,0,6,156741200,2401,10,1.21,-35.3632622,149.1652377,584.09,0.0,349.6547,0.0,0,1
733856,32:03.4,GPS,474585090,0,6,156741400,2401,10,1.21,-35.3632622,149.1652377,584.09,0.0,349.6547,0.0,0,1
734197,32:03.6,GPS,474785010,0,6,156741600,2401,10,1.21,-35.3632622,149.1652377,584.09,0.0,349.6547,0.0,0,1
734538,32:03.8,GPS,474984930,0,6,156741800,2401,10,1.21,-35.3632622,149.1652377,584.09,0.0,349.6547,0.0,0,1
734881,32:04.0,GPS,475184850,0,6,156742000,2401,10,1.21,-35.3632622,149.1652377,584.09,0.0,349.6547,0.0,0,1
735222,32:04.2,GPS,475384770,0,6,156742200,2401,10,1.21,-35.3632622,149.1652377,584.09,0.0,349.6547,0.0,0,1
735572,32:04.4,GPS,475584690,0,6,156742400,2401,10,1.21,-35.3632622,149.1652377,584.09,0.0,349.6547,0.0,0,1
735913,32:04.6,GPS,475784610,0,6,156742600,2401,10,1.21,-35.3632622,149.1652377,584.09,0.0,349.6547,0.0,0,1
736256,32:04.8,GPS,475985363,0,6,156742800,2401,10,1.21,-35.3632622,149.1652377,584.09,0.0,349.6547,0.0,0,1
736599,32:05.0,GPS,476185283,0,6,156743000,2401,10,1.21,-35.3632622,149.1652377,584.09,0.0,349.6547,0.0,0,1
736940,32:05.2,GPS,476385203,0,6,156743200,2401,10,1.21,-35.3632622,149.1652377,584.09,0.0,349.6547,0.0,0,1
737290,32:05.4,GPS,476585123,0,6,156743400,2401,10,1.21,-35.3632622,149.1652377,584.09,0.0,349.6547,0.0,0,1
737368,32:05.5,GPS,476645099,1,1,0,0,0,-0.01,0.0,0.0,0.0,0.0,0.0,0.0,0,0
